Date,ES=F,NQ=F
2015-01-02,2046.25,4214.25
2015-01-05,2016.0,4161.75
2015-01-06,1994.5,4102.25
2015-01-07,2019.5,4151.5
2015-01-08,2055.0,4232.25
2015-01-09,2035.25,4200.75
2015-01-12,2022.5,4166.5
2015-01-13,2016.0,4158.5
2015-01-14,2007.5,4145.5
2015-01-15,1989.0,4089.0
2015-01-16,2013.0,4134.0
2015-01-20,2016.75,4167.0
2015-01-21,2026.5,4182.75
2015-01-22,2056.5,4264.75
2015-01-23,2044.0,4267.0
2015-01-26,2053.5,4269.25
2015-01-27,2030.0,4177.5
2015-01-28,1991.5,4124.25
2015-01-29,2018.5,4185.75
2015-01-30,1988.5,4141.25
2015-02-02,2017.0,4185.5
2015-02-03,2042.0,4216.25
2015-02-04,2030.0,4204.0
2015-02-05,2055.0,4247.5
2015-02-06,2053.0,4227.5
2015-02-09,2042.5,4214.25
2015-02-10,2062.25,4276.0
2015-02-11,2065.75,4296.5
2015-02-12,2084.0,4344.75
2015-02-13,2093.5,4377.0
2015-02-17,2096.0,4381.75
2015-02-18,2095.5,4386.0
2015-02-19,2095.25,4413.25
2015-02-20,2107.0,4438.0
2015-02-23,2106.75,4444.5
2015-02-24,2113.75,4450.25
2015-02-25,2110.25,4436.75
2015-02-26,2110.0,4461.75
2015-02-27,2102.75,4442.5
2015-03-02,2114.0,4477.0
2015-03-03,2104.75,4456.5
2015-03-04,2096.5,4444.25
2015-03-05,2099.75,4449.5
2015-03-06,2070.75,4405.0
2015-03-09,2077.75,4413.5
2015-03-10,2042.0,4331.25
2015-03-11,2039.5,4307.5
2015-03-12,2064.0,4330.75
2015-03-13,2049.75,4308.75
2015-03-16,2076.5,4359.5
2015-03-17,2074.5,4377.75
2015-03-18,2100.5,4427.25
2015-03-19,2090.5,4429.5
2015-03-20,2101.25,4461.25
2015-03-23,2094.75,4436.75
2015-03-24,2085.0,4429.0
2015-03-25,2053.75,4323.5
2015-03-26,2048.5,4310.75
2015-03-27,2052.5,4325.75
2015-03-30,2075.5,4372.5
2015-03-31,2060.75,4329.5
2015-04-01,2053.0,4313.0
2015-04-02,2059.5,4307.25
2015-04-06,2073.25,4342.25
2015-04-07,2067.75,4334.0
2015-04-08,2076.0,4374.75
2015-04-09,2085.75,4399.25
2015-04-10,2095.5,4414.75
2015-04-13,2086.5,4403.25
2015-04-14,2091.0,4397.75
2015-04-15,2099.75,4421.75
2015-04-16,2100.75,4415.25
2015-04-17,2075.5,4349.0
2015-04-20,2091.0,4407.5
2015-04-21,2091.0,4428.5
2015-04-22,2100.25,4445.25
2015-04-23,2107.0,4481.5
2015-04-24,2111.75,4529.25
2015-04-27,2104.75,4524.75
2015-04-28,2112.0,4516.0
2015-04-29,2099.0,4479.75
2015-04-30,2079.0,4408.25
2015-05-01,2101.5,4467.75
2015-05-04,2109.25,4476.5
2015-05-05,2084.0,4407.5
2015-05-06,2074.25,4373.0
2015-05-07,2084.25,4402.5
2015-05-08,2108.5,4448.75
2015-05-11,2097.75,4431.25
2015-05-12,2095.0,4420.75
2015-05-13,2094.5,4423.75
2015-05-14,2117.5,4490.25
2015-05-15,2119.0,4488.75
2015-05-18,2126.0,4507.25
2015-05-19,2124.5,4501.25
2015-05-20,2122.5,4505.5
2015-05-21,2128.0,4528.75
2015-05-22,2124.5,4528.75
2015-05-26,2105.0,4479.75
2015-05-27,2121.0,4542.25
2015-05-28,2121.75,4542.75
2015-05-29,2106.0,4511.0
2015-06-01,2109.25,4521.5
2015-06-02,2106.75,4503.0
2015-06-03,2116.0,4527.5
2015-06-04,2099.0,4496.5
2015-06-05,2092.25,4481.5
2015-06-08,2078.25,4432.25
2015-06-09,2080.0,4431.5
2015-06-10,2107.0,4488.75
2015-06-11,2109.25,4490.5
2015-06-12,2093.0,4454.75
2015-06-15,2084.0,4435.5
2015-06-16,2097.5,4459.0
2015-06-17,2097.5,4461.25
2015-06-18,2123.0,4538.0
2015-06-19,2118.5,4531.0
2015-06-22,2112.75,4532.75
2015-06-23,2116.5,4541.25
2015-06-24,2099.5,4515.75
2015-06-25,2094.0,4509.25
2015-06-26,2095.75,4480.5
2015-06-29,2050.5,4378.0
2015-06-30,2054.5,4390.25
2015-07-01,2071.0,4422.0
2015-07-02,2068.75,4428.75
2015-07-06,2064.5,4422.75
2015-07-07,2073.75,4422.25
2015-07-08,2039.25,4346.5
2015-07-09,2041.25,4339.5
2015-07-10,2069.0,4408.25
2015-07-13,2094.5,4488.0
2015-07-14,2102.0,4517.5
2015-07-15,2104.25,4536.5
2015-07-16,2117.0,4597.75
2015-07-17,2118.75,4650.0
2015-07-20,2122.0,4671.25
2015-07-21,2114.5,4666.5
2015-07-22,2108.0,4617.0
2015-07-23,2098.5,4620.0
2015-07-24,2077.5,4561.75
2015-07-27,2064.5,4522.5
2015-07-28,2087.25,4556.0
2015-07-29,2101.5,4565.0
2015-07-30,2103.75,4595.25
2015-07-31,2098.5,4585.0
2015-08-03,2091.0,4573.0
2015-08-04,2083.0,4551.75
2015-08-05,2093.75,4593.5
2015-08-06,2079.5,4524.75
2015-08-07,2073.5,4519.0
2015-08-10,2099.75,4566.0
2015-08-11,2079.75,4510.75
2015-08-12,2084.25,4533.5
2015-08-13,2080.5,4517.25
2015-08-14,2089.5,4531.75
2015-08-17,2099.25,4564.75
2015-08-18,2094.0,4544.0
2015-08-19,2072.75,4503.75
2015-08-20,2025.5,4366.25
2015-08-21,1971.5,4200.75
2015-08-24,1871.25,4003.25
2015-08-25,1872.75,4028.5
2015-08-26,1938.0,4214.5
2015-08-27,1989.25,4328.0
2015-08-28,1989.75,4333.0
2015-08-31,1969.25,4271.75
2015-09-01,1916.0,4158.25
2015-09-02,1947.0,4260.0
2015-09-03,1946.0,4229.5
2015-09-04,1921.75,4194.0
2015-09-08,1965.75,4298.5
2015-09-09,1942.75,4255.0
2015-09-10,1949.5,4295.0
2015-09-11,1960.25,4325.25
2015-09-14,1954.0,4310.0
2015-09-15,1979.75,4361.0
2015-09-16,1998.25,4391.5
2015-09-17,1987.75,4380.25
2015-09-18,1960.0,4325.25
2015-09-21,1963.0,4341.25
2015-09-22,1932.0,4267.25
2015-09-23,1928.5,4262.75
2015-09-24,1918.75,4246.0
2015-09-25,1919.25,4213.5
2015-09-28,1872.0,4094.75
2015-09-29,1874.5,4074.75
2015-09-30,1908.75,4163.0
2015-10-01,1916.75,4187.5
2015-10-02,1943.0,4261.25
2015-10-05,1974.75,4311.25
2015-10-06,1968.5,4290.25
2015-10-07,1987.25,4323.75
2015-10-08,2006.5,4344.75
2015-10-09,2007.5,4359.5
2015-10-12,2011.0,4375.0
2015-10-13,1994.0,4341.25
2015-10-14,1984.0,4326.5
2015-10-15,2019.0,4411.75
2015-10-16,2025.5,4434.75
2015-10-19,2027.5,4454.5
2015-10-20,2020.5,4424.75
2015-10-21,2008.5,4399.25
2015-10-22,2053.0,4552.75
2015-10-23,2066.0,4611.5
2015-10-26,2062.25,4616.25
2015-10-27,2060.5,4632.25
2015-10-28,2084.5,4673.75
2015-10-29,2083.0,4661.75
2015-10-30,2073.75,4643.25
2015-11-02,2095.5,4694.0
2015-11-03,2103.0,4712.0
2015-11-04,2094.75,4709.5
2015-11-05,2094.0,4695.25
2015-11-06,2093.75,4703.0
2015-11-09,2073.0,4652.75
2015-11-10,2078.0,4643.0
2015-11-11,2069.0,4631.75
2015-11-12,2040.5,4585.25
2015-11-13,2018.5,4502.0
2015-11-16,2048.0,4559.75
2015-11-17,2049.0,4569.5
2015-11-18,2079.75,4652.5
2015-11-19,2079.25,4660.0
2015-11-20,2088.75,4689.5
2015-11-23,2084.25,4675.75
2015-11-24,2084.75,4666.0
2015-11-25,2088.0,4677.25
2015-11-27,2090.0,4682.5
2015-11-30,2079.75,4668.75
2015-12-01,2100.0,4716.25
2015-12-02,2081.5,4694.5
2015-12-03,2051.25,4611.0
2015-12-04,2088.5,4713.25
2015-12-07,2081.0,4701.0
2015-12-08,2058.75,4687.25
2015-12-09,2042.0,4616.0
2015-12-10,2049.25,4644.0
2015-12-11,2009.75,4539.25
2015-12-14,2018.5,4566.5
2015-12-15,2045.5,4606.0
2015-12-16,2072.0,4663.0
2015-12-17,2034.25,4577.75
2015-12-18,2032.5,4576.0
2015-12-21,2015.0,4563.0
2015-12-22,2036.0,4591.0
2015-12-23,2053.0,4606.75
2015-12-24,2051.25,4611.0
2015-12-28,2048.75,4613.75
2015-12-29,2072.75,4690.5
2015-12-30,2054.5,4646.0
2015-12-31,2035.5,4587.75
2016-01-04,2009.0,4504.5
2016-01-05,2011.75,4483.75
2016-01-06,1986.0,4446.75
2016-01-07,1933.0,4289.25
2016-01-08,1911.5,4261.5
2016-01-11,1914.25,4273.0
2016-01-12,1925.0,4312.75
2016-01-13,1881.5,4175.75
2016-01-14,1914.5,4257.5
2016-01-15,1875.0,4140.75
2016-01-19,1873.0,4144.5
2016-01-20,1855.0,4133.0
2016-01-21,1861.0,4130.25
2016-01-22,1899.25,4247.5
2016-01-25,1870.25,4186.75
2016-01-26,1896.0,4226.75
2016-01-27,1875.0,4127.0
2016-01-28,1880.75,4153.75
2016-01-29,1930.0,4263.0
2016-02-01,1931.25,4291.5
2016-02-02,1897.5,4192.0
2016-02-03,1908.5,4171.5
2016-02-04,1907.75,4155.75
2016-02-05,1875.25,4022.0
2016-02-08,1852.0,3964.25
2016-02-09,1848.25,3944.25
2016-02-10,1846.75,3967.25
2016-02-11,1824.5,3961.25
2016-02-12,1858.25,4006.25
2016-02-16,1888.75,4092.75
2016-02-17,1922.75,4196.75
2016-02-18,1916.5,4155.0
2016-02-19,1914.5,4161.0
2016-02-22,1936.25,4214.75
2016-02-23,1916.0,4159.25
2016-02-24,1930.25,4208.5
2016-02-25,1950.5,4244.25
2016-02-26,1942.75,4230.0
2016-02-29,1929.5,4201.25
2016-03-01,1978.0,4337.75
2016-03-02,1983.5,4329.25
2016-03-03,1990.5,4320.25
2016-03-04,1995.0,4322.5
2016-03-07,1999.0,4300.0
2016-03-08,1981.0,4270.5
2016-03-09,1989.0,4294.5
2016-03-10,1988.75,4285.0
2016-03-11,2020.0,4352.75
2016-03-14,2018.75,4366.0
2016-03-15,2015.75,4364.5
2016-03-16,2027.0,4397.5
2016-03-17,2039.75,4402.25
2016-03-18,2048.0,4414.25
2016-03-21,2042.75,4416.25
2016-03-22,2042.5,4434.5
2016-03-23,2028.75,4395.5
2016-03-24,2028.5,4397.25
2016-03-28,2028.0,4389.5
2016-03-29,2047.5,4458.25
2016-03-30,2055.25,4482.0
2016-03-31,2051.5,4476.25
2016-04-01,2065.0,4528.5
2016-04-04,2057.5,4500.25
2016-04-05,2038.75,4469.5
2016-04-06,2060.25,4535.0
2016-04-07,2035.0,4470.25
2016-04-08,2040.75,4467.25
2016-04-11,2034.5,4451.5
2016-04-12,2055.75,4490.0
2016-04-13,2076.0,4547.75
2016-04-14,2076.5,4546.25
2016-04-15,2075.0,4538.5
2016-04-18,2086.75,4546.5
2016-04-19,2093.75,4526.75
2016-04-20,2098.0,4535.75
2016-04-21,2082.75,4497.75
2016-04-22,2086.0,4465.75
2016-04-25,2083.25,4472.25
2016-04-26,2088.5,4452.5
2016-04-27,2090.75,4423.75
2016-04-28,2072.5,4382.0
2016-04-29,2059.0,4331.5
2016-05-02,2074.25,4369.0
2016-05-03,2057.0,4334.5
2016-05-04,2047.0,4309.75
2016-05-05,2044.0,4300.25
2016-05-06,2052.75,4328.25
2016-05-09,2054.25,4335.75
2016-05-10,2077.5,4392.0
2016-05-11,2058.0,4351.5
2016-05-12,2058.75,4334.75
2016-05-13,2043.5,4324.0
2016-05-16,2062.75,4375.25
2016-05-17,2043.5,4319.5
2016-05-18,2041.5,4332.25
2016-05-19,2038.75,4317.25
2016-05-20,2050.0,4362.25
2016-05-23,2045.25,4352.5
2016-05-24,2075.0,4445.25
2016-05-25,2087.25,4474.75
2016-05-26,2089.75,4492.25
2016-05-27,2097.25,4510.0
2016-05-31,2095.0,4524.25
2016-06-01,2098.0,4521.5
2016-06-02,2103.75,4532.25
2016-06-03,2097.75,4509.0
2016-06-06,2108.25,4525.5
2016-06-07,2110.25,4514.25
2016-06-08,2118.0,4519.0
2016-06-09,2114.25,4512.0
2016-06-10,2096.25,4465.75
2016-06-13,2078.75,4426.25
2016-06-14,2074.5,4425.25
2016-06-15,2071.75,4412.75
2016-06-16,2079.25,4424.75
2016-06-17,2078.5,4417.25
2016-06-20,2074.25,4390.0
2016-06-21,2080.5,4400.25
2016-06-22,2076.75,4394.5
2016-06-23,2105.75,4462.5
2016-06-24,2018.5,4262.25
2016-06-27,1985.0,4178.0
2016-06-28,2028.5,4281.0
2016-06-29,2066.75,4362.75
2016-06-30,2090.25,4407.0
2016-07-01,2096.25,4433.25
2016-07-05,2082.75,4404.0
2016-07-06,2094.0,4439.5
2016-07-07,2092.0,4452.25
2016-07-08,2120.5,4517.25
2016-07-11,2130.25,4549.5
2016-07-12,2145.75,4569.75
2016-07-13,2146.0,4561.25
2016-07-14,2157.25,4590.0
2016-07-15,2152.75,4579.25
2016-07-18,2160.0,4608.25
2016-07-19,2158.75,4606.5
2016-07-20,2167.5,4650.5
2016-07-21,2158.0,4638.25
2016-07-22,2167.5,4657.25
2016-07-25,2162.25,4653.75
2016-07-26,2163.25,4663.75
2016-07-27,2160.5,4707.75
2016-07-28,2164.75,4719.75
2016-07-29,2168.25,4726.75
2016-08-01,2164.5,4744.5
2016-08-02,2152.75,4714.25
2016-08-03,2157.0,4728.25
2016-08-04,2159.25,4743.75
2016-08-05,2176.75,4783.0
2016-08-08,2175.5,4779.25
2016-08-09,2177.5,4791.75
2016-08-10,2172.75,4781.5
2016-08-11,2181.75,4800.0
2016-08-12,2180.25,4804.25
2016-08-15,2186.0,4822.75
2016-08-16,2176.75,4798.5
2016-08-17,2179.75,4804.0
2016-08-18,2183.5,4808.5
2016-08-19,2181.75,4807.0
2016-08-22,2181.5,4811.75
2016-08-23,2185.25,4817.0
2016-08-24,2175.0,4786.25
2016-08-25,2173.5,4782.25
2016-08-26,2168.5,4785.75
2016-08-29,2179.25,4793.25
2016-08-30,2175.25,4776.0
2016-08-31,2169.5,4773.75
2016-09-01,2167.25,4777.5
2016-09-02,2178.0,4795.25
2016-09-06,2184.5,4827.5
2016-09-07,2184.5,4828.75
2016-09-08,2177.5,4796.0
2016-09-09,2122.75,4671.0
2016-09-12,2158.5,4766.75
2016-09-13,2128.75,4727.75
2016-09-14,2120.25,4732.5
2016-09-15,2145.0,4817.75
2016-09-16,2141.75,4817.0
2016-09-19,2133.0,4794.25
2016-09-20,2131.0,4798.5
2016-09-21,2156.25,4850.0
2016-09-22,2168.25,4886.25
2016-09-23,2158.0,4856.5
2016-09-26,2139.75,4815.0
2016-09-27,2152.75,4860.75
2016-09-28,2163.25,4868.25
2016-09-29,2148.5,4844.25
2016-09-30,2160.5,4870.25
2016-10-03,2153.25,4865.75
2016-10-04,2144.75,4857.5
2016-10-05,2153.25,4873.5
2016-10-06,2156.5,4872.0
2016-10-07,2146.5,4859.0
2016-10-11,2134.5,4827.0
2016-10-12,2131.5,4813.5
2016-10-13,2126.25,4796.0
2016-10-14,2127.0,4804.25
2016-10-17,2123.0,4803.25
2016-10-18,2132.0,4827.0
2016-10-19,2138.0,4830.25
2016-10-20,2137.0,4843.75
2016-10-21,2134.75,4843.25
2016-10-24,2144.25,4902.75
2016-10-25,2138.0,4886.0
2016-10-26,2134.0,4853.75
2016-10-27,2123.5,4807.0
2016-10-28,2123.75,4806.0
2016-10-31,2120.0,4796.75
2016-11-01,2103.75,4757.25
2016-11-02,2092.25,4716.75
2016-11-03,2083.5,4674.5
2016-11-04,2080.0,4657.75
2016-11-07,2129.0,4775.75
2016-11-08,2135.5,4802.25
2016-11-09,2160.25,4820.5
2016-11-10,2167.25,4743.75
2016-11-14,2160.5,4694.5
2016-11-15,2179.25,4766.0
2016-11-16,2172.75,4783.25
2016-11-17,2184.25,4828.5
2016-11-18,2180.75,4808.5
2016-11-21,2193.0,4854.0
2016-11-22,2200.25,4874.75
2016-11-23,2200.75,4849.5
2016-11-25,2211.25,4868.5
2016-11-28,2200.75,4861.0
2016-11-29,2203.75,4875.0
2016-11-30,2198.75,4816.0
2016-12-01,2192.0,4736.5
2016-12-02,2192.0,4738.5
2016-12-05,2204.25,4780.5
2016-12-06,2210.0,4786.75
2016-12-07,2236.75,4841.75
2016-12-08,2247.75,4863.0
2016-12-09,2260.0,4893.75
2016-12-12,2256.0,4867.75
2016-12-13,2273.25,4937.75
2016-12-14,2257.0,4931.75
2016-12-15,2263.5,4934.5
2016-12-16,2267.5,4943.5
2016-12-19,2260.0,4938.75
2016-12-20,2266.5,4956.0
2016-12-21,2260.5,4949.5
2016-12-22,2258.75,4936.5
2016-12-23,2260.0,4942.25
2016-12-27,2261.0,4961.25
2016-12-28,2245.25,4923.75
2016-12-29,2245.0,4918.5
2016-12-30,2236.25,4864.0
2017-01-03,2252.5,4906.25
2017-01-04,2264.25,4933.5
2017-01-05,2264.25,4962.0
2017-01-06,2271.5,5004.0
2017-01-09,2265.0,5022.0
2017-01-10,2263.75,5031.25
2017-01-11,2270.5,5046.5
2017-01-12,2263.5,5034.75
2017-01-13,2272.5,5061.25
2017-01-17,2262.75,5040.25
2017-01-18,2266.5,5054.5
2017-01-19,2261.5,5053.5
2017-01-20,2266.0,5058.25
2017-01-23,2262.0,5063.5
2017-01-24,2274.5,5096.25
2017-01-25,2294.0,5146.5
2017-01-26,2294.0,5147.75
2017-01-27,2289.0,5162.5
2017-01-30,2276.0,5124.5
2017-01-31,2274.5,5112.75
2017-02-01,2274.5,5148.5
2017-02-02,2275.5,5131.0
2017-02-03,2291.0,5155.0
2017-02-06,2286.5,5157.75
2017-02-07,2288.5,5176.75
2017-02-08,2290.25,5191.25
2017-02-09,2304.25,5212.25
2017-02-10,2312.75,5226.75
2017-02-13,2326.25,5259.25
2017-02-14,2337.0,5276.0
2017-02-15,2350.5,5310.0
2017-02-16,2345.5,5300.5
2017-02-17,2348.0,5325.75
2017-02-21,2360.0,5343.75
2017-02-22,2361.0,5351.0
2017-02-23,2362.75,5332.0
2017-02-24,2365.0,5343.25
2017-02-27,2368.25,5347.5
2017-02-28,2362.75,5332.25
2017-03-01,2393.5,5386.0
2017-03-02,2382.0,5364.75
2017-03-03,2381.25,5372.0
2017-03-06,2375.5,5361.0
2017-03-07,2366.5,5349.75
2017-03-08,2364.0,5363.0
2017-03-09,2366.25,5366.75
2017-03-10,2371.75,5382.0
2017-03-13,2375.0,5395.5
2017-03-14,2366.5,5381.5
2017-03-15,2383.75,5415.25
2017-03-16,2382.75,5413.0
2017-03-17,2384.5,5417.25
2017-03-20,2370.25,5418.5
2017-03-21,2342.25,5338.25
2017-03-22,2342.5,5365.75
2017-03-23,2340.0,5354.5
2017-03-24,2344.75,5378.75
2017-03-27,2338.5,5379.0
2017-03-28,2351.5,5405.0
2017-03-29,2357.0,5436.0
2017-03-30,2364.5,5437.5
2017-03-31,2359.25,5438.5
2017-04-03,2356.0,5434.5
2017-04-04,2356.5,5444.0
2017-04-05,2346.5,5416.25
2017-04-06,2353.75,5422.75
2017-04-07,2352.25,5421.25
2017-04-10,2352.5,5422.25
2017-04-11,2351.0,5401.75
2017-04-12,2340.75,5372.75
2017-04-13,2327.5,5359.0
2017-04-17,2345.0,5395.25
2017-04-18,2337.25,5389.25
2017-04-19,2333.75,5397.75
2017-04-20,2352.0,5442.75
2017-04-21,2347.5,5442.0
2017-04-24,2370.0,5504.0
2017-04-25,2385.0,5548.25
2017-04-26,2382.25,5536.25
2017-04-27,2386.0,5591.0
2017-04-28,2380.5,5580.5
2017-05-01,2387.0,5630.75
2017-05-02,2385.75,5639.75
2017-05-03,2383.25,5613.25
2017-05-04,2385.5,5625.75
2017-05-05,2397.75,5648.25
2017-05-08,2395.0,5655.5
2017-05-09,2393.25,5676.25
2017-05-10,2395.25,5675.5
2017-05-11,2391.0,5670.75
2017-05-12,2388.75,5689.0
2017-05-15,2398.5,5701.25
2017-05-16,2397.0,5724.25
2017-05-17,2357.5,5578.75
2017-05-18,2363.5,5630.5
2017-05-19,2381.5,5653.25
2017-05-22,2392.75,5702.0
2017-05-23,2398.0,5711.5
2017-05-24,2402.0,5731.25
2017-05-25,2413.5,5782.0
2017-05-26,2413.75,5792.25
2017-05-30,2410.75,5792.0
2017-05-31,2411.0,5793.25
2017-06-01,2429.5,5822.0
2017-06-02,2437.75,5886.0
2017-06-05,2434.5,5880.75
2017-06-06,2430.75,5863.25
2017-06-07,2432.0,5879.75
2017-06-08,2432.5,5885.0
2017-06-09,2430.5,5740.5
2017-06-12,2428.5,5711.0
2017-06-13,2440.0,5751.25
2017-06-14,2437.25,5725.25
2017-06-15,2434.25,5702.5
2017-06-16,2433.75,5702.0
2017-06-19,2447.5,5766.0
2017-06-20,2437.5,5732.75
2017-06-21,2433.5,5796.0
2017-06-22,2431.75,5785.75
2017-06-23,2435.0,5812.25
2017-06-26,2436.0,5778.25
2017-06-27,2420.5,5676.5
2017-06-28,2438.5,5763.5
2017-06-29,2420.0,5653.0
2017-06-30,2421.0,5652.75
2017-07-03,2425.0,5589.25
2017-07-05,2428.0,5651.5
2017-07-06,2408.5,5596.75
2017-07-07,2422.5,5655.75
2017-07-10,2424.5,5694.0
2017-07-11,2424.5,5720.0
2017-07-12,2440.0,5785.75
2017-07-13,2445.5,5797.5
2017-07-14,2456.0,5843.25
2017-07-17,2458.5,5855.0
2017-07-18,2457.75,5882.75
2017-07-19,2471.5,5918.25
2017-07-20,2471.25,5925.25
2017-07-21,2469.5,5918.75
2017-07-24,2468.5,5934.0
2017-07-25,2474.0,5933.75
2017-07-26,2473.25,5948.0
2017-07-27,2472.0,5909.5
2017-07-28,2470.25,5910.25
2017-07-31,2468.0,5882.5
2017-08-01,2472.25,5889.25
2017-08-02,2473.5,5910.75
2017-08-03,2471.75,5890.0
2017-08-04,2472.0,5898.0
2017-08-07,2477.5,5934.0
2017-08-08,2472.75,5918.0
2017-08-09,2473.0,5922.5
2017-08-10,2437.5,5789.75
2017-08-11,2440.0,5838.25
2017-08-14,2463.5,5910.0
2017-08-15,2463.75,5912.0
2017-08-16,2467.5,5923.5
2017-08-17,2429.5,5800.25
2017-08-18,2426.75,5801.25
2017-08-21,2428.0,5794.0
2017-08-22,2452.75,5878.5
2017-08-23,2441.5,5848.0
2017-08-24,2440.75,5840.5
2017-08-25,2442.5,5825.0
2017-08-28,2443.75,5844.75
2017-08-29,2447.0,5869.75
2017-08-30,2455.75,5935.0
2017-08-31,2470.0,5990.75
2017-09-01,2474.25,5988.25
2017-09-05,2459.75,5939.25
2017-09-06,2465.5,5955.0
2017-09-07,2466.5,5970.0
2017-09-08,2462.5,5916.25
2017-09-11,2487.5,5982.5
2017-09-12,2496.0,5996.5
2017-09-13,2496.5,6002.0
2017-09-14,2496.5,5966.25
2017-09-15,2496.0,5974.0
2017-09-18,2502.75,5986.75
2017-09-19,2504.75,5997.0
2017-09-20,2505.25,5978.5
2017-09-21,2501.0,5945.25
2017-09-22,2499.5,5935.75
2017-09-25,2497.0,5876.5
2017-09-26,2495.5,5892.5
2017-09-27,2504.5,5941.0
2017-09-28,2507.75,5938.5
2017-09-29,2516.0,5982.5
2017-10-02,2526.25,5980.5
2017-10-03,2532.75,5998.0
2017-10-04,2536.25,6004.0
2017-10-05,2550.0,6065.75
2017-10-06,2545.0,6064.25
2017-10-09,2543.75,6064.5
2017-10-10,2548.5,6065.25
2017-10-11,2553.0,6082.5
2017-10-12,2549.5,6074.75
2017-10-13,2552.75,6099.75
2017-10-16,2556.25,6120.25
2017-10-17,2557.0,6123.75
2017-10-18,2560.0,6119.25
2017-10-19,2560.5,6097.75
2017-10-20,2574.0,6111.0
2017-10-23,2563.5,6064.75
2017-10-24,2567.25,6079.5
2017-10-25,2558.5,6064.5
2017-10-26,2561.5,6084.75
2017-10-27,2578.5,6215.25
2017-10-30,2568.25,6224.25
2017-10-31,2572.75,6249.75
2017-11-01,2574.75,6240.75
2017-11-02,2576.75,6235.75
2017-11-03,2582.75,6290.5
2017-11-06,2588.75,6313.5
2017-11-07,2586.75,6316.0
2017-11-08,2591.0,6341.5
2017-11-09,2584.0,6314.5
2017-11-10,2579.5,6309.25
2017-11-13,2582.0,6312.0
2017-11-14,2578.0,6293.5
2017-11-15,2565.0,6266.25
2017-11-16,2585.0,6341.0
2017-11-17,2576.25,6313.25
2017-11-20,2582.0,6316.0
2017-11-21,2596.25,6379.5
2017-11-22,2594.5,6389.5
2017-11-24,2601.0,6413.5
2017-11-27,2601.75,6413.25
2017-11-28,2626.0,6420.25
2017-11-29,2625.0,6305.5
2017-11-30,2648.0,6369.0
2017-12-01,2644.0,6346.25
2017-12-04,2638.25,6265.25
2017-12-05,2628.25,6271.75
2017-12-06,2629.25,6293.0
2017-12-07,2639.5,6323.0
2017-12-08,2651.0,6340.0
2017-12-11,2661.5,6397.5
2017-12-12,2665.0,6384.25
2017-12-13,2666.5,6398.5
2017-12-14,2653.25,6391.75
2017-12-15,2666.75,6478.0
2017-12-18,2694.5,6535.25
2017-12-19,2684.0,6500.75
2017-12-20,2681.5,6489.0
2017-12-21,2687.75,6492.25
2017-12-22,2686.0,6483.75
2017-12-26,2687.0,6460.0
2017-12-27,2685.5,6454.0
2017-12-28,2685.75,6446.25
2017-12-29,2676.0,6408.75
2018-01-02,2693.0,6514.75
2018-01-03,2711.0,6584.5
2018-01-04,2723.75,6603.5
2018-01-05,2742.5,6667.75
2018-01-08,2746.75,6688.0
2018-01-09,2752.25,6687.0
2018-01-10,2750.5,6677.25
2018-01-11,2769.5,6726.5
2018-01-12,2788.75,6775.25
2018-01-16,2782.5,6762.25
2018-01-17,2803.75,6823.75
2018-01-18,2796.25,6813.0
2018-01-19,2811.0,6845.75
2018-01-22,2835.25,6931.0
2018-01-23,2839.5,6965.75
2018-01-24,2841.0,6931.25
2018-01-25,2841.25,6931.5
2018-01-26,2874.5,7030.25
2018-01-29,2853.5,6992.5
2018-01-30,2824.5,6941.5
2018-01-31,2825.75,6962.5
2018-02-01,2822.5,6898.5
2018-02-02,2756.75,6755.75
2018-02-05,2607.75,6429.25
2018-02-06,2694.25,6653.75
2018-02-07,2668.25,6555.75
2018-02-08,2593.5,6317.25
2018-02-09,2619.0,6417.75
2018-02-12,2655.25,6531.75
2018-02-13,2661.75,6560.5
2018-02-14,2697.0,6687.0
2018-02-15,2734.0,6816.0
2018-02-16,2735.0,6786.75
2018-02-20,2714.0,6790.5
2018-02-21,2698.75,6760.5
2018-02-22,2711.5,6788.75
2018-02-23,2748.75,6909.75
2018-02-26,2784.5,7000.0
2018-02-27,2747.5,6915.75
2018-02-28,2714.5,6865.0
2018-03-01,2678.25,6760.75
2018-03-02,2690.25,6804.75
2018-03-05,2718.5,6877.5
2018-03-06,2724.0,6907.75
2018-03-07,2723.25,6924.5
2018-03-08,2739.25,6974.25
2018-03-09,2784.0,7098.25
2018-03-12,2784.0,7139.5
2018-03-13,2768.5,7058.25
2018-03-14,2749.75,7033.5
2018-03-15,2751.5,7046.5
2018-03-16,2752.75,7044.0
2018-03-19,2722.75,6914.25
2018-03-20,2723.5,6917.5
2018-03-21,2718.25,6884.0
2018-03-22,2643.25,6692.0
2018-03-23,2597.75,6554.25
2018-03-26,2659.5,6773.5
2018-03-27,2615.75,6561.25
2018-03-28,2607.5,6477.25
2018-03-29,2643.0,6594.0
2018-04-02,2575.0,6393.25
2018-04-03,2613.25,6469.25
2018-04-04,2647.0,6582.5
2018-04-05,2661.75,6600.25
2018-04-06,2605.75,6454.75
2018-04-09,2619.0,6497.0
2018-04-10,2655.0,6624.25
2018-04-11,2641.0,6592.75
2018-04-12,2664.0,6670.75
2018-04-13,2657.25,6640.75
2018-04-16,2681.75,6712.0
2018-04-17,2706.5,6828.75
2018-04-18,2709.75,6843.5
2018-04-19,2693.0,6780.0
2018-04-20,2671.5,6676.25
2018-04-23,2671.25,6667.0
2018-04-24,2635.25,6526.75
2018-04-25,2644.5,6555.75
2018-04-26,2674.5,6734.75
2018-04-27,2671.5,6669.75
2018-04-30,2647.0,6613.0
2018-05-01,2652.25,6692.0
2018-05-02,2627.5,6633.5
2018-05-03,2631.75,6664.5
2018-05-04,2663.0,6774.75
2018-05-07,2670.0,6826.0
2018-05-08,2670.25,6820.5
2018-05-09,2696.0,6896.0
2018-05-10,2718.75,6965.0
2018-05-11,2729.5,6960.0
2018-05-14,2731.0,6974.0
2018-05-15,2709.0,6890.5
2018-05-16,2723.0,6937.25
2018-05-17,2718.75,6905.75
2018-05-18,2713.0,6874.0
2018-05-21,2733.0,6915.75
2018-05-22,2726.0,6909.25
2018-05-23,2730.75,6957.0
2018-05-24,2727.5,6957.25
2018-05-25,2718.25,6960.25
2018-05-29,2692.25,6944.5
2018-05-30,2724.5,6987.25
2018-05-31,2705.5,6977.0
2018-06-01,2733.75,7083.0
2018-06-04,2745.5,7148.25
2018-06-05,2751.5,7179.25
2018-06-06,2772.25,7215.0
2018-06-07,2772.25,7161.0
2018-06-08,2778.75,7151.5
2018-06-11,2783.0,7170.25
2018-06-12,2784.0,7199.5
2018-06-13,2774.25,7204.25
2018-06-14,2783.25,7283.75
2018-06-15,2776.5,7257.5
2018-06-18,2779.75,7276.0
2018-06-19,2766.25,7252.25
2018-06-20,2772.0,7313.25
2018-06-21,2752.5,7237.75
2018-06-22,2759.5,7222.75
2018-06-25,2722.25,7073.5
2018-06-26,2728.5,7104.0
2018-06-27,2705.0,6998.25
2018-06-28,2719.5,7060.5
2018-06-29,2721.5,7066.75
2018-07-02,2727.25,7116.5
2018-07-03,2713.25,7023.75
2018-07-05,2738.5,7125.75
2018-07-06,2763.0,7233.5
2018-07-09,2787.5,7300.25
2018-07-10,2796.75,7301.5
2018-07-11,2774.0,7253.75
2018-07-12,2798.5,7382.75
2018-07-13,2803.25,7393.0
2018-07-16,2796.5,7325.0
2018-07-17,2811.25,7421.75
2018-07-18,2816.0,7404.5
2018-07-19,2805.25,7367.75
2018-07-20,2800.75,7360.0
2018-07-23,2812.0,7430.5
2018-07-24,2821.0,7416.25
2018-07-25,2841.25,7469.5
2018-07-26,2842.5,7430.75
2018-07-27,2817.5,7301.25
2018-07-30,2803.25,7200.5
2018-07-31,2817.0,7244.75
2018-08-01,2810.75,7277.0
2018-08-02,2828.5,7385.75
2018-08-03,2839.5,7402.0
2018-08-06,2850.0,7444.0
2018-08-07,2859.75,7477.25
2018-08-08,2855.25,7471.5
2018-08-09,2853.75,7475.5
2018-08-10,2836.75,7427.0
2018-08-13,2825.5,7417.0
2018-08-14,2841.0,7457.75
2018-08-15,2821.25,7374.0
2018-08-16,2844.75,7389.0
2018-08-17,2852.25,7387.75
2018-08-20,2858.5,7387.0
2018-08-21,2861.75,7397.5
2018-08-22,2861.25,7433.25
2018-08-23,2858.0,7424.5
2018-08-24,2876.75,7495.75
2018-08-27,2898.5,7568.0
2018-08-28,2899.25,7578.0
2018-08-29,2914.75,7668.75
2018-08-30,2902.0,7649.0
2018-08-31,2902.0,7661.25
2018-09-04,2898.25,7638.75
2018-09-05,2888.25,7531.75
2018-09-06,2879.0,7457.5
2018-09-07,2874.75,7438.5
2018-09-10,2880.25,7460.25
2018-09-11,2889.75,7512.0
2018-09-12,2888.5,7485.75
2018-09-13,2905.25,7564.5
2018-09-14,2906.25,7544.75
2018-09-17,2891.0,7436.25
2018-09-18,2906.5,7495.25
2018-09-19,2910.0,7497.5
2018-09-20,2934.0,7579.75
2018-09-21,2943.0,7589.0
2018-09-24,2925.5,7586.0
2018-09-25,2921.25,7595.25
2018-09-26,2911.5,7590.25
2018-09-27,2920.0,7657.25
2018-09-28,2919.0,7655.25
2018-10-01,2930.0,7675.5
2018-10-02,2928.5,7652.75
2018-10-03,2931.5,7664.75
2018-10-04,2907.75,7514.25
2018-10-05,2894.0,7436.0
2018-10-08,2893.75,7391.75
2018-10-09,2888.25,7399.0
2018-10-10,2781.0,7032.0
2018-10-11,2745.5,7031.0
2018-10-12,2768.5,7172.25
2018-10-15,2749.0,7076.5
2018-10-16,2817.75,7353.75
2018-10-17,2816.25,7313.25
2018-10-18,2772.25,7137.75
2018-10-19,2767.5,7106.5
2018-10-22,2756.5,7155.25
2018-10-23,2746.25,7140.25
2018-10-24,2664.25,6836.25
2018-10-25,2688.25,6926.5
2018-10-26,2669.5,6893.25
2018-10-29,2643.5,6736.25
2018-10-30,2685.25,6815.25
2018-10-31,2711.0,6975.5
2018-11-01,2738.0,7077.75
2018-11-02,2724.25,6980.25
2018-11-05,2739.5,6949.5
2018-11-06,2759.0,7016.5
2018-11-07,2816.5,7218.5
2018-11-08,2808.75,7166.0
2018-11-09,2779.0,7031.25
2018-11-12,2727.75,6835.0
2018-11-13,2727.5,6853.0
2018-11-14,2698.5,6768.25
2018-11-15,2734.5,6915.5
2018-11-16,2743.0,6895.25
2018-11-19,2696.25,6672.0
2018-11-20,2640.0,6532.5
2018-11-21,2649.0,6576.25
2018-11-23,2629.5,6531.0
2018-11-26,2670.0,6673.25
2018-11-27,2683.5,6712.5
2018-11-28,2741.5,6918.25
2018-11-29,2744.25,6913.25
2018-11-30,2758.25,6949.5
2018-12-03,2790.75,7058.25
2018-12-04,2701.75,6803.25
2018-12-06,2691.0,6824.5
2018-12-07,2636.0,6623.5
2018-12-10,2643.0,6699.25
2018-12-11,2641.25,6717.0
2018-12-12,2652.5,6769.0
2018-12-13,2645.5,6752.0
2018-12-14,2602.0,6599.5
2018-12-17,2552.5,6466.25
2018-12-18,2535.75,6462.75
2018-12-19,2503.25,6334.75
2018-12-20,2485.75,6308.5
2018-12-21,2467.75,6257.25
2018-12-24,2341.75,5892.0
2018-12-26,2471.0,6285.5
2018-12-27,2495.0,6323.5
2018-12-28,2486.0,6293.25
2018-12-31,2505.25,6333.25
2019-01-02,2511.0,6371.0
2019-01-03,2447.75,6162.0
2019-01-04,2531.25,6434.0
2019-01-07,2550.5,6496.5
2019-01-08,2572.5,6557.25
2019-01-09,2582.5,6604.75
2019-01-10,2594.0,6625.25
2019-01-11,2595.0,6612.75
2019-01-14,2580.5,6545.0
2019-01-15,2605.5,6676.75
2019-01-16,2613.25,6666.25
2019-01-17,2635.25,6720.0
2019-01-18,2671.5,6792.75
2019-01-22,2632.0,6653.0
2019-01-23,2638.25,6665.25
2019-01-24,2634.0,6675.0
2019-01-25,2663.5,6791.25
2019-01-28,2642.0,6701.75
2019-01-29,2640.25,6638.75
2019-01-30,2682.5,6837.25
2019-01-31,2704.5,6914.75
2019-02-01,2704.25,6877.75
2019-02-04,2721.25,6937.5
2019-02-05,2731.0,7008.0
2019-02-06,2729.5,6995.75
2019-02-07,2704.0,6905.5
2019-02-08,2706.25,6916.75
2019-02-11,2708.25,6914.25
2019-02-12,2744.75,7018.5
2019-02-13,2749.5,7016.25
2019-02-14,2743.5,7019.75
2019-02-15,2777.0,7063.75
2019-02-19,2778.75,7068.25
2019-02-20,2787.0,7073.25
2019-02-21,2774.25,7034.5
2019-02-22,2791.25,7088.25
2019-02-25,2797.0,7125.75
2019-02-26,2791.5,7117.75
2019-02-27,2795.0,7121.75
2019-02-28,2784.75,7102.5
2019-03-01,2805.0,7156.0
2019-03-04,2791.5,7145.75
2019-03-05,2791.5,7165.5
2019-03-06,2771.5,7111.25
2019-03-07,2750.0,7027.5
2019-03-08,2747.0,7026.75
2019-03-11,2784.0,7164.75
2019-03-12,2792.0,7206.5
2019-03-13,2814.5,7267.75
2019-03-14,2807.25,7239.75
2019-03-15,2811.889892578125,7270.35009765625
2019-03-18,2840.5,7360.75
2019-03-19,2836.5,7376.5
2019-03-20,2827.0,7409.5
2019-03-21,2862.5,7534.5
2019-03-22,2810.75,7368.75
2019-03-25,2807.0,7355.25
2019-03-26,2823.0,7376.75
2019-03-27,2810.5,7334.5
2019-03-28,2821.0,7352.0
2019-03-29,2837.75,7400.5
2019-04-01,2870.5,7498.5
2019-04-02,2867.0,7519.25
2019-04-03,2879.75,7582.25
2019-04-04,2882.75,7561.5
2019-04-05,2896.0,7604.25
2019-04-08,2898.25,7623.5
2019-04-09,2882.5,7593.25
2019-04-10,2894.5,7641.25
2019-04-11,2891.75,7617.25
2019-04-12,2912.5,7652.25
2019-04-15,2909.5,7647.75
2019-04-16,2911.5,7679.5
2019-04-17,2900.5,7689.75
2019-04-18,2910.0,7712.5
2019-04-22,2912.5,7734.75
2019-04-23,2938.0,7838.0
2019-04-24,2930.75,7847.75
2019-04-25,2926.25,7798.5
2019-04-26,2941.5,7840.25
2019-04-29,2943.0,7813.75
2019-04-30,2948.5,7800.0
2019-05-01,2923.0,7756.5
2019-05-02,2917.5,7734.25
2019-05-03,2947.5,7865.0
2019-05-06,2932.5,7803.5
2019-05-07,2890.75,7674.0
2019-05-08,2887.25,7647.5
2019-05-09,2872.75,7595.25
2019-05-10,2887.0,7610.25
2019-05-13,2807.0,7314.75
2019-05-14,2839.25,7421.0
2019-05-15,2855.0,7529.25
2019-05-16,2878.5,7600.25
2019-05-17,2862.0,7511.5
2019-05-20,2844.0,7391.75
2019-05-21,2866.0,7464.0
2019-05-22,2857.5,7430.0
2019-05-23,2819.5,7311.0
2019-05-24,2831.75,7315.5
2019-05-28,2805.0,7295.25
2019-05-29,2780.0,7216.0
2019-05-30,2790.5,7255.25
2019-05-31,2752.5,7133.5
2019-06-03,2749.5,6993.75
2019-06-04,2805.0,7179.25
2019-06-05,2827.75,7228.5
2019-06-06,2845.75,7282.25
2019-06-07,2875.0,7419.5
2019-06-10,2889.25,7515.5
2019-06-11,2887.0,7518.25
2019-06-12,2881.0,7473.25
2019-06-13,2894.5,7522.75
2019-06-14,2890.5,7478.25
2019-06-17,2892.0,7534.25
2019-06-18,2921.75,7645.25
2019-06-19,2929.0,7674.25
2019-06-20,2955.75,7745.25
2019-06-21,2953.89990234375,7723.60986328125
2019-06-24,2952.0,7758.75
2019-06-25,2922.0,7628.75
2019-06-26,2918.0,7650.0
2019-06-27,2931.0,7690.5
2019-06-28,2944.25,7693.75
2019-07-01,2967.75,7790.0
2019-07-02,2979.5,7838.25
2019-07-03,3000.25,7887.5
2019-07-05,2990.5,7851.5
2019-07-08,2978.5,7801.0
2019-07-09,2982.0,7845.25
2019-07-10,2997.5,7928.75
2019-07-11,3004.0,7918.75
2019-07-12,3015.5,7960.0
2019-07-15,3017.25,7986.75
2019-07-16,3007.0,7942.75
2019-07-17,2985.0,7885.5
2019-07-18,2997.5,7933.5
2019-07-19,2977.0,7842.75
2019-07-22,2989.0,7924.75
2019-07-23,3008.0,7983.75
2019-07-24,3021.5,8038.0
2019-07-25,3006.5,7981.75
2019-07-26,3024.5,8019.75
2019-07-29,3021.75,8001.25
2019-07-30,3012.25,7963.25
2019-07-31,2982.25,7866.75
2019-08-01,2952.0,7808.25
2019-08-02,2932.5,7702.25
2019-08-05,2830.0,7385.25
2019-08-06,2876.0,7515.5
2019-08-07,2880.5,7553.25
2019-08-08,2940.0,7735.75
2019-08-09,2919.75,7660.25
2019-08-12,2880.25,7566.75
2019-08-13,2932.0,7748.0
2019-08-14,2840.75,7488.75
2019-08-15,2848.5,7496.25
2019-08-16,2891.5,7611.75
2019-08-19,2923.75,7727.5
2019-08-20,2898.25,7668.0
2019-08-21,2929.25,7750.25
2019-08-22,2922.25,7711.25
2019-08-23,2855.5,7504.5
2019-08-26,2883.25,7590.5
2019-08-27,2865.5,7562.75
2019-08-28,2889.75,7599.25
2019-08-29,2926.75,7712.0
2019-08-30,2924.75,7690.75
2019-09-03,2906.0,7617.5
2019-09-04,2938.5,7722.75
2019-09-05,2972.0,7855.5
2019-09-06,2980.75,7857.75
2019-09-09,2978.25,7830.75
2019-09-10,2978.5,7815.0
2019-09-11,3002.0,7889.75
2019-09-12,3011.75,7921.5
2019-09-13,3006.5,7886.0
2019-09-16,2999.0,7856.5
2019-09-17,3005.5,7890.25
2019-09-18,3006.25,7894.25
2019-09-19,3006.0,7896.25
2019-09-20,3013.610107421875,7899.47998046875
2019-09-23,2997.0,7850.5
2019-09-24,2970.25,7735.25
2019-09-25,2986.25,7820.25
2019-09-26,2980.5,7787.25
2019-09-27,2963.75,7701.25
2019-09-30,2978.5,7770.5
2019-10-01,2937.75,7695.5
2019-10-02,2880.5,7546.25
2019-10-03,2911.75,7658.5
2019-10-04,2951.0,7767.25
2019-10-07,2937.5,7740.0
2019-10-08,2892.5,7622.0
2019-10-09,2919.0,7699.75
2019-10-10,2941.0,7760.25
2019-10-11,2970.75,7859.0
2019-10-14,2965.5,7857.5
2019-10-15,2997.75,7959.75
2019-10-16,2991.5,7948.5
2019-10-17,2998.0,7952.75
2019-10-18,2988.25,7880.75
2019-10-21,3006.5,7948.25
2019-10-22,2994.5,7858.75
2019-10-23,3005.75,7901.5
2019-10-24,3004.25,7928.25
2019-10-25,3020.25,8035.75
2019-10-28,3036.25,8094.75
2019-10-29,3035.75,8055.25
2019-10-30,3047.75,8111.25
2019-10-31,3035.75,8090.25
2019-11-01,3063.25,8160.25
2019-11-04,3075.75,8215.75
2019-11-05,3072.0,8210.75
2019-11-06,3075.5,8207.25
2019-11-07,3086.0,8230.5
2019-11-08,3090.5,8257.25
2019-11-11,3087.5,8249.75
2019-11-12,3092.0,8275.0
2019-11-13,3095.5,8265.75
2019-11-14,3097.0,8265.5
2019-11-15,3118.25,8318.75
2019-11-18,3121.75,8333.5
2019-11-19,3118.5,8341.5
2019-11-20,3109.0,8291.75
2019-11-21,3104.0,8274.5
2019-11-22,3111.5,8280.5
2019-11-25,3132.75,8376.5
2019-11-26,3143.75,8400.75
2019-11-27,3153.75,8454.75
2019-11-29,3143.75,8417.5
2019-12-02,3114.25,8316.0
2019-12-03,3091.0,8251.25
2019-12-04,3111.0,8295.25
2019-12-05,3117.75,8309.25
2019-12-06,3146.0,8400.25
2019-12-09,3134.5,8356.0
2019-12-10,3136.0,8363.75
2019-12-11,3143.0,8405.5
2019-12-12,3168.0,8465.25
2019-12-13,3172.0,8494.0
2019-12-16,3194.25,8576.0
2019-12-17,3192.0,8576.25
2019-12-18,3194.75,8590.25
2019-12-19,3207.0,8642.5
2019-12-20,3231.02001953125,8707.4599609375
2019-12-23,3227.25,8726.5
2019-12-24,3225.75,8729.5
2019-12-26,3244.5,8804.25
2019-12-27,3237.5,8783.25
2019-12-30,3223.5,8733.75
2019-12-31,3231.0,8752.25
2020-01-02,3259.0,8891.75
2020-01-03,3235.5,8810.0
2020-01-06,3243.5,8847.5
2020-01-07,3235.25,8853.0
2020-01-08,3260.25,8944.5
2020-01-09,3276.0,9009.0
2020-01-10,3264.75,8978.25
2020-01-13,3289.75,9088.25
2020-01-14,3288.0,9062.5
2020-01-15,3293.75,9060.0
2020-01-16,3316.5,9133.5
2020-01-17,3325.0,9174.5
2020-01-21,3319.5,9169.75
2020-01-22,3319.75,9195.75
2020-01-23,3326.0,9248.25
2020-01-24,3293.5,9144.5
2020-01-27,3239.5,8954.5
2020-01-28,3278.25,9105.25
2020-01-29,3272.5,9098.5
2020-01-30,3289.75,9216.25
2020-01-31,3224.0,8997.75
2020-02-03,3245.5,9114.25
2020-02-04,3299.5,9355.0
2020-02-05,3335.0,9381.5
2020-02-06,3345.25,9455.5
2020-02-07,3325.5,9409.5
2020-02-10,3353.0,9527.5
2020-02-11,3357.5,9527.25
2020-02-12,3380.5,9625.75
2020-02-13,3377.5,9613.0
2020-02-14,3381.0,9632.25
2020-02-18,3369.25,9636.0
2020-02-19,3387.25,9733.5
2020-02-20,3369.25,9624.25
2020-02-21,3339.25,9458.0
2020-02-24,3226.25,9091.0
2020-02-25,3132.5,8854.25
2020-02-26,3110.25,8850.25
2020-02-27,2957.0,8382.75
2020-02-28,2951.0,8454.0
2020-03-02,3065.0,8791.25
2020-03-03,2997.0,8582.5
2020-03-04,3114.75,8896.5
2020-03-05,3015.5,8648.75
2020-03-06,2964.0,8503.25
2020-03-09,2747.75,7951.5
2020-03-10,2865.75,8331.5
2020-03-11,2740.25,8003.5
2020-03-12,2469.0,7215.25
2020-03-13,2696.0,7915.75
2020-03-16,2416.25,7057.5
2020-03-17,2495.5,7405.25
2020-03-18,2414.0,7225.25
2020-03-19,2403.25,7293.5
2020-03-20,2437.97998046875,7417.97998046875
2020-03-23,2220.5,6984.5
2020-03-24,2438.0,7554.75
2020-03-25,2467.0,7467.75
2020-03-26,2608.0,7844.0
2020-03-27,2524.0,7568.5
2020-03-30,2611.25,7854.75
2020-03-31,2569.75,7786.25
2020-04-01,2448.0,7438.75
2020-04-02,2516.5,7627.25
2020-04-03,2482.75,7522.75
2020-04-06,2644.5,8029.75
2020-04-07,2642.0,8012.0
2020-04-08,2735.0,8189.75
2020-04-09,2779.75,8227.5
2020-04-13,2759.25,8327.25
2020-04-14,2843.0,8692.5
2020-04-15,2775.0,8594.0
2020-04-16,2787.5,8734.25
2020-04-17,2870.0,8809.0
2020-04-20,2806.5,8692.0
2020-04-21,2732.0,8431.75
2020-04-22,2788.5,8638.0
2020-04-23,2780.75,8598.75
2020-04-24,2829.5,8769.0
2020-04-27,2869.0,8824.25
2020-04-28,2867.25,8719.75
2020-04-29,2941.0,9036.5
2020-04-30,2902.5,8988.5
2020-05-01,2821.75,8718.0
2020-05-04,2825.25,8795.5
2020-05-05,2858.25,8924.25
2020-05-06,2833.5,8952.0
2020-05-07,2880.0,9107.75
2020-05-08,2928.5,9218.25
2020-05-11,2922.75,9279.0
2020-05-12,2852.5,9078.25
2020-05-13,2813.0,8992.25
2020-05-14,2847.0,9079.5
2020-05-15,2846.5,9096.5
2020-05-18,2948.0,9325.5
2020-05-19,2918.75,9300.75
2020-05-20,2968.5,9485.5
2020-05-21,2937.0,9355.75
2020-05-22,2953.0,9406.25
2020-05-26,2994.5,9406.5
2020-05-27,3035.5,9432.5
2020-05-28,3038.0,9460.25
2020-05-29,3042.0,9560.25
2020-06-01,3054.0,9595.0
2020-06-02,3077.0,9647.75
2020-06-03,3117.75,9684.75
2020-06-04,3110.5,9626.25
2020-06-05,3186.75,9808.5
2020-06-08,3227.5,9884.75
2020-06-09,3205.5,9951.0
2020-06-10,3186.0,10087.25
2020-06-11,3010.25,9616.75
2020-06-12,3034.75,9645.0
2020-06-15,3073.0,9800.5
2020-06-16,3128.75,9972.5
2020-06-17,3118.0,9994.5
2020-06-18,3109.0,9995.75
2020-06-19,3161.260009765625,10120.83984375
2020-06-22,3110.75,10124.75
2020-06-23,3118.5,10196.0
2020-06-24,3049.0,10010.75
2020-06-25,3070.75,10088.25
2020-06-26,3007.0,9865.5
2020-06-29,3047.75,9973.75
2020-06-30,3090.25,10147.25
2020-07-01,3103.0,10268.75
2020-07-02,3129.0,10355.75
2020-07-06,3172.0,10598.5
2020-07-07,3136.5,10532.25
2020-07-08,3163.5,10662.25
2020-07-09,3141.0,10727.5
2020-07-10,3178.5,10837.25
2020-07-13,3148.25,10600.0
2020-07-14,3183.5,10646.25
2020-07-15,3219.5,10683.25
2020-07-16,3194.5,10511.75
2020-07-17,3214.0,10622.5
2020-07-20,3245.25,10951.0
2020-07-21,3251.25,10851.0
2020-07-22,3265.5,10804.25
2020-07-23,3227.5,10548.25
2020-07-24,3204.0,10459.0
2020-07-27,3232.25,10675.25
2020-07-28,3213.0,10540.0
2020-07-29,3252.5,10674.25
2020-07-30,3248.75,10794.0
2020-07-31,3263.5,10890.5
2020-08-03,3288.5,11044.25
2020-08-04,3300.0,11086.0
2020-08-05,3316.0,11091.75
2020-08-06,3344.25,11261.25
2020-08-07,3344.75,11122.75
2020-08-10,3352.75,11072.0
2020-08-11,3330.0,10878.5
2020-08-12,3370.0,11126.0
2020-08-13,3367.75,11175.25
2020-08-14,3361.5,11133.75
2020-08-17,3379.75,11286.75
2020-08-18,3387.0,11409.25
2020-08-19,3372.75,11332.0
2020-08-20,3380.75,11477.25
2020-08-21,3392.5,11562.0
2020-08-24,3427.5,11636.25
2020-08-25,3443.0,11726.25
2020-08-26,3480.25,11991.25
2020-08-27,3485.25,11952.75
2020-08-28,3504.5,11991.75
2020-08-31,3499.0,12114.0
2020-09-01,3527.0,12312.5
2020-09-02,3579.25,12411.5
2020-09-03,3461.5,11800.5
2020-09-04,3417.5,11548.75
2020-09-08,3335.5,11060.5
2020-09-09,3400.25,11392.75
2020-09-10,3340.5,11178.25
2020-09-11,3333.75,11061.5
2020-09-14,3382.5,11280.5
2020-09-15,3405.25,11464.25
2020-09-16,3389.5,11268.75
2020-09-17,3361.5,11090.0
2020-09-18,3353.60009765625,11144.8095703125
2020-09-21,3275.0,10989.0
2020-09-22,3299.25,11149.5
2020-09-23,3231.25,10829.0
2020-09-24,3238.0,10891.75
2020-09-25,3287.25,11136.5
2020-09-28,3346.0,11394.75
2020-09-29,3333.75,11337.75
2020-09-30,3352.0,11407.25
2020-10-01,3367.75,11574.75
2020-10-02,3339.25,11233.25
2020-10-05,3393.0,11469.25
2020-10-06,3353.25,11273.75
2020-10-07,3406.75,11470.0
2020-10-08,3437.5,11539.0
2020-10-09,3473.25,11724.75
2020-10-12,3532.75,12098.25
2020-10-13,3504.75,12094.0
2020-10-14,3481.0,11974.25
2020-10-15,3475.5,11874.0
2020-10-16,3462.25,11798.0
2020-10-19,3422.75,11650.25
2020-10-20,3432.25,11660.75
2020-10-21,3432.5,11691.25
2020-10-22,3449.25,11649.75
2020-10-23,3451.75,11663.5
2020-10-26,3393.5,11492.25
2020-10-27,3383.0,11588.0
2020-10-28,3263.5,11132.75
2020-10-29,3302.25,11342.75
2020-10-30,3264.75,11046.25
2020-11-02,3300.5,11063.25
2020-11-03,3361.5,11265.75
2020-11-04,3435.0,11763.0
2020-11-05,3504.75,12076.5
2020-11-06,3500.75,12075.0
2020-11-09,3544.0,11820.5
2020-11-10,3541.0,11618.25
2020-11-11,3568.0,11886.0
2020-11-12,3532.5,11820.0
2020-11-13,3582.0,11933.5
2020-11-16,3623.0,12005.0
2020-11-17,3606.75,11975.0
2020-11-18,3565.0,11897.0
2020-11-19,3580.0,11987.25
2020-11-20,3554.25,11905.75
2020-11-23,3576.0,11905.25
2020-11-24,3632.75,12076.0
2020-11-25,3627.25,12152.25
2020-11-27,3636.5,12257.5
2020-11-30,3623.25,12277.0
2020-12-01,3660.5,12452.25
2020-12-02,3667.25,12454.25
2020-12-03,3664.5,12462.25
2020-12-04,3698.0,12526.0
2020-12-07,3690.75,12596.0
2020-12-08,3702.0,12637.5
2020-12-09,3672.5,12367.0
2020-12-10,3668.5,12402.0
2020-12-11,3661.25,12368.0
2020-12-14,3646.5,12456.5
2020-12-15,3694.5,12591.75
2020-12-16,3700.75,12665.25
2020-12-17,3721.25,12751.0
2020-12-18,3726.25,12800.0595703125
2020-12-21,3685.75,12683.5
2020-12-22,3677.25,12710.0
2020-12-23,3681.5,12651.25
2020-12-24,3695.0,12704.5
2020-12-28,3727.5,12832.75
2020-12-29,3720.0,12841.0
2020-12-30,3724.25,12841.5
2020-12-31,3748.75,12885.5
2021-01-04,3692.25,12685.5
2021-01-05,3718.25,12793.5
2021-01-06,3740.5,12616.75
2021-01-07,3795.5,12928.0
2021-01-08,3817.5,13097.25
2021-01-11,3792.0,12897.0
2021-01-12,3794.5,12890.25
2021-01-13,3803.75,12972.25
2021-01-14,3791.25,12901.0
2021-01-15,3762.25,12802.25
2021-01-19,3790.5,12985.5
2021-01-20,3845.0,13294.25
2021-01-21,3846.0,13395.5
2021-01-22,3834.25,13361.5
2021-01-25,3848.5,13475.5
2021-01-26,3842.5,13485.5
2021-01-27,3744.25,13105.5
2021-01-28,3779.25,13186.0
2021-01-29,3705.25,12911.25
2021-02-01,3765.75,13236.5
2021-02-02,3818.25,13449.0
2021-02-03,3823.5,13394.25
2021-02-04,3864.5,13547.5
2021-02-05,3880.25,13598.0
2021-02-08,3908.0,13683.0
2021-02-09,3905.5,13680.25
2021-02-10,3903.0,13643.5
2021-02-11,3912.0,13729.0
2021-02-12,3931.0,13804.75
2021-02-16,3927.75,13767.75
2021-02-17,3928.0,13699.75
2021-02-18,3909.5,13633.0
2021-02-19,3903.0,13576.0
2021-02-22,3873.5,13224.25
2021-02-23,3878.0,13192.0
2021-02-24,3922.5,13302.0
2021-02-25,3828.0,12831.75
2021-02-26,3809.25,12911.0
2021-03-01,3898.75,13279.75
2021-03-02,3867.5,13055.25
2021-03-03,3816.75,12681.75
2021-03-04,3765.5,12455.0
2021-03-05,3839.0,12663.75
2021-03-08,3819.25,12297.25
2021-03-09,3873.25,12788.75
2021-03-10,3896.5,12749.25
2021-03-11,3936.75,13048.25
2021-03-12,3942.25,12933.5
2021-03-15,3967.5,13078.5
2021-03-16,3962.5,13151.5
2021-03-17,3974.0,13201.5
2021-03-18,3916.5,12795.5
2021-03-19,3912.6201171875,12808.759765625
2021-03-22,3930.0,13071.75
2021-03-23,3899.75,13006.25
2021-03-24,3880.75,12794.0
2021-03-25,3900.5,12770.5
2021-03-26,3964.75,12966.75
2021-03-29,3959.0,12944.5
2021-03-30,3947.75,12878.25
2021-03-31,3967.5,13089.75
2021-04-01,4010.0,13316.0
2021-04-05,4067.75,13585.5
2021-04-06,4064.0,13570.0
2021-04-07,4070.0,13604.75
2021-04-08,4089.0,13747.75
2021-04-09,4119.5,13829.5
2021-04-12,4120.25,13808.75
2021-04-13,4132.75,13975.75
2021-04-14,4118.0,13798.75
2021-04-15,4162.5,14014.0
2021-04-16,4176.25,14029.5
2021-04-19,4155.5,13897.25
2021-04-20,4126.5,13794.25
2021-04-21,4164.75,13919.25
2021-04-22,4127.75,13750.25
2021-04-23,4171.5,13927.0
2021-04-26,4179.5,14011.5
2021-04-27,4179.0,13953.0
2021-04-28,4176.25,13892.25
2021-04-29,4203.5,13953.5
2021-04-30,4174.5,13850.0
2021-05-03,4185.75,13790.0
2021-05-04,4158.25,13536.0
2021-05-05,4160.0,13491.0
2021-05-06,4194.25,13597.75
2021-05-07,4225.25,13709.75
2021-05-10,4183.5,13356.75
2021-05-11,4146.25,13346.0
2021-05-12,4058.75,12998.5
2021-05-13,4107.0,13100.25
2021-05-14,4169.0,13387.0
2021-05-17,4157.75,13303.5
2021-05-18,4123.0,13212.0
2021-05-19,4111.5,13233.5
2021-05-20,4154.25,13486.5
2021-05-21,4151.75,13405.0
2021-05-24,4193.75,13635.25
2021-05-25,4185.5,13656.25
2021-05-26,4193.0,13700.25
2021-05-27,4199.0,13665.5
2021-05-28,4202.5,13686.5
2021-06-01,4198.5,13648.75
2021-06-02,4206.25,13673.75
2021-06-03,4191.25,13529.25
2021-06-04,4228.25,13766.75
2021-06-07,4225.5,13804.25
2021-06-08,4225.75,13811.5
2021-06-09,4218.5,13814.25
2021-06-10,4238.0,13959.75
2021-06-11,4245.75,13994.25
2021-06-14,4254.75,14124.75
2021-06-15,4246.5,14030.25
2021-06-16,4223.0,13981.25
2021-06-17,4222.25,14165.5
2021-06-18,4187.25,14107.4296875
2021-06-21,4213.75,14130.0
2021-06-22,4236.25,14258.25
2021-06-23,4231.5,14263.0
2021-06-24,4256.0,14354.25
2021-06-25,4271.25,14339.0
2021-06-28,4280.5,14512.5
2021-06-29,4282.0,14563.0
2021-06-30,4288.5,14549.0
2021-07-01,4310.75,14548.5
2021-07-02,4342.75,14713.75
2021-07-06,4334.0,14775.5
2021-07-07,4349.75,14802.25
2021-07-08,4313.0,14712.25
2021-07-09,4360.0,14810.5
2021-07-12,4376.5,14869.25
2021-07-13,4361.25,14865.0
2021-07-14,4367.75,14891.75
2021-07-15,4352.0,14787.5
2021-07-16,4318.5,14670.5
2021-07-19,4251.25,14540.75
2021-07-20,4315.5,14722.75
2021-07-21,4350.5,14827.75
2021-07-22,4359.5,14928.5
2021-07-23,4403.0,15098.0
2021-07-26,4414.25,15117.75
2021-07-27,4394.5,14947.75
2021-07-28,4393.75,15011.5
2021-07-29,4411.75,15037.75
2021-07-30,4389.5,14955.75
2021-08-02,4379.75,14952.75
2021-08-03,4415.0,15046.25
2021-08-04,4394.75,15073.5
2021-08-05,4421.5,15167.75
2021-08-06,4429.5,15095.5
2021-08-09,4425.75,15125.25
2021-08-10,4430.0,15044.5
2021-08-11,4440.5,15019.5
2021-08-12,4454.5,15078.5
2021-08-13,4462.5,15125.75
2021-08-16,4474.0,15134.0
2021-08-17,4443.5,14997.5
2021-08-18,4394.5,14849.25
2021-08-19,4401.5,14928.0
2021-08-20,4437.0,15086.75
2021-08-23,4475.5,15304.5
2021-08-24,4482.5,15355.5
2021-08-25,4493.0,15364.25
2021-08-26,4466.5,15274.75
2021-08-27,4505.5,15426.5
2021-08-30,4525.25,15597.5
2021-08-31,4520.5,15582.5
2021-09-01,4521.25,15609.25
2021-09-02,4535.25,15601.0
2021-09-03,4534.5,15651.5
2021-09-07,4519.25,15674.75
2021-09-08,4512.5,15620.0
2021-09-09,4492.25,15558.75
2021-09-10,4458.25,15441.5
2021-09-13,4469.0,15436.75
2021-09-14,4444.5,15387.0
2021-09-15,4481.75,15504.0
2021-09-16,4474.25,15517.75
2021-09-17,4464.330078125,15486.669921875
2021-09-20,4348.25,15009.5
2021-09-21,4343.25,15024.0
2021-09-22,4384.0,15163.5
2021-09-23,4438.0,15303.5
2021-09-24,4445.75,15318.75
2021-09-27,4433.0,15194.75
2021-09-28,4343.5,14764.75
2021-09-29,4349.75,14739.75
2021-09-30,4297.75,14682.5
2021-10-01,4343.75,14761.75
2021-10-04,4291.25,14462.25
2021-10-05,4334.0,14655.25
2021-10-06,4354.0,14759.0
2021-10-07,4390.0,14881.25
2021-10-08,4382.25,14808.25
2021-10-11,4351.0,14700.5
2021-10-12,4340.75,14653.25
2021-10-13,4355.0,14764.25
2021-10-14,4429.0,15037.25
2021-10-15,4462.5,15134.5
2021-10-18,4477.5,15290.5
2021-10-19,4511.25,15398.5
2021-10-20,4528.0,15377.5
2021-10-21,4541.75,15478.75
2021-10-22,4536.5,15341.0
2021-10-25,4558.0,15495.75
2021-10-26,4565.25,15545.0
2021-10-27,4544.5,15587.25
2021-10-28,4587.5,15764.75
2021-10-29,4597.0,15838.5
2021-11-01,4605.75,15894.25
2021-11-02,4623.5,15961.25
2021-11-03,4652.25,16129.75
2021-11-04,4673.25,16330.75
2021-11-05,4690.25,16351.75
2021-11-08,4694.0,16327.75
2021-11-09,4678.25,16212.75
2021-11-10,4642.0,15980.5
2021-11-11,4643.0,16022.75
2021-11-12,4678.25,16192.75
2021-11-15,4679.0,16187.75
2021-11-16,4696.0,16300.75
2021-11-17,4686.25,16311.5
2021-11-18,4701.5,16481.25
2021-11-19,4694.5,16575.0
2021-11-22,4679.75,16382.0
2021-11-23,4688.5,16312.0
2021-11-24,4699.0,16366.0
2021-11-26,4595.75,16051.0
2021-11-29,4651.0,16390.75
2021-11-30,4566.25,16150.5
2021-12-01,4508.5,15869.75
2021-12-02,4575.75,15988.5
2021-12-03,4537.5,15717.75
2021-12-06,4590.0,15842.75
2021-12-07,4685.0,16318.0
2021-12-08,4699.0,16392.25
2021-12-09,4667.0,16148.75
2021-12-10,4711.0,16329.75
2021-12-13,4668.75,16082.0
2021-12-14,4637.0,15924.75
2021-12-15,4709.5,16288.0
2021-12-16,4668.75,15870.5
2021-12-17,4636.4599609375,15717.3203125
2021-12-20,4558.5,15621.25
2021-12-21,4640.75,15980.0
2021-12-22,4686.0,16169.75
2021-12-23,4715.75,16299.0
2021-12-27,4782.25,16560.0
2021-12-28,4778.5,16488.0
2021-12-29,4784.5,16490.5
2021-12-30,4772.25,16430.25
2021-12-31,4758.5,16320.75
2022-01-03,4786.0,16485.5
2022-01-04,4784.25,16275.75
2022-01-05,4692.5,15766.5
2022-01-06,4687.5,15759.0
2022-01-07,4667.75,15581.0
2022-01-10,4662.25,15608.0
2022-01-11,4705.0,15831.0
2022-01-12,4716.25,15887.25
2022-01-13,4652.0,15490.25
2022-01-14,4654.75,15595.75
2022-01-18,4571.25,15206.0
2022-01-19,4524.25,15033.5
2022-01-20,4474.75,14841.0
2022-01-21,4390.0,14426.5
2022-01-24,4403.75,14501.0
2022-01-25,4349.0,14140.75
2022-01-26,4341.5,14158.5
2022-01-27,4317.75,13986.75
2022-01-28,4423.25,14433.0
2022-01-31,4504.25,14905.0
2022-02-01,4535.0,14994.75
2022-02-02,4577.25,15114.5
2022-02-03,4469.0,14492.25
2022-02-04,4492.5,14685.5
2022-02-07,4475.75,14559.75
2022-02-08,4512.5,14734.5
2022-02-09,4577.75,15038.25
2022-02-10,4497.5,14701.0
2022-02-11,4409.5,14240.5
2022-02-14,4394.0,14253.0
2022-02-15,4464.5,14609.5
2022-02-16,4470.0,14600.0
2022-02-17,4374.5,14164.75
2022-02-18,4343.5,13996.0
2022-02-22,4300.0,13862.75
2022-02-23,4222.0,13507.5
2022-02-24,4284.0,13966.5
2022-02-25,4380.0,14180.5
2022-02-28,4368.0,14228.0
2022-03-01,4303.75,14005.5
2022-03-02,4381.75,14239.25
2022-03-03,4359.25,14030.5
2022-03-04,4327.25,13839.75
2022-03-07,4198.5,13320.75
2022-03-08,4168.75,13267.0
2022-03-09,4275.25,13734.75
2022-03-10,4257.25,13586.0
2022-03-11,4201.5,13292.0
2022-03-14,4172.0,13045.5
2022-03-15,4262.0,13451.75
2022-03-16,4358.0,13953.0
2022-03-17,4410.25,14111.75
2022-03-18,4409.35009765625,14095.3095703125
2022-03-21,4452.25,14370.5
2022-03-22,4505.0,14654.0
2022-03-23,4447.5,14447.0
2022-03-24,4512.5,14763.75
2022-03-25,4536.5,14755.75
2022-03-28,4568.0,14985.25
2022-03-29,4625.5,15237.75
2022-03-30,4596.0,15071.5
2022-03-31,4530.75,14868.75
2022-04-01,4539.25,14863.75
2022-04-04,4577.75,15164.25
2022-04-05,4520.25,14828.0
2022-04-06,4475.75,14505.25
2022-04-07,4496.25,14536.0
2022-04-08,4483.5,14327.0
2022-04-11,4409.0,14000.0
2022-04-12,4393.0,13945.0
2022-04-13,4442.25,14221.5
2022-04-14,4387.5,13893.75
2022-04-18,4386.75,13907.75
2022-04-19,4459.25,14217.25
2022-04-20,4455.5,14004.75
2022-04-21,4390.5,13728.25
2022-04-22,4267.25,13353.5
2022-04-25,4292.75,13535.75
2022-04-26,4170.5,13016.0
2022-04-27,4180.25,13009.0
2022-04-28,4283.5,13454.75
2022-04-29,4127.5,12852.0
2022-05-02,4151.0,13073.0
2022-05-03,4169.25,13087.5
2022-05-04,4295.25,13531.25
2022-05-05,4143.25,12858.0
2022-05-06,4119.5,12695.75
2022-05-09,3987.5,12193.75
2022-05-10,3996.75,12349.0
2022-05-11,3930.25,11969.75
2022-05-12,3927.25,11947.25
2022-05-13,4019.75,12382.75
2022-05-16,4004.75,12244.75
2022-05-17,4084.75,12560.25
2022-05-18,3922.75,11935.5
2022-05-19,3897.75,11878.25
2022-05-20,3899.5,11840.75
2022-05-23,3971.75,12035.25
2022-05-24,3940.5,11771.0
2022-05-25,3976.75,11942.25
2022-05-26,4055.75,12279.25
2022-05-27,4155.75,12677.75
2022-05-31,4131.25,12646.5
2022-06-01,4099.0,12551.0
2022-06-02,4175.25,12893.75
2022-06-03,4107.0,12551.0
2022-06-06,4120.5,12605.0
2022-06-07,4158.75,12711.5
2022-06-08,4114.0,12615.75
2022-06-09,4016.25,12275.0
2022-06-10,3899.0,11840.0
2022-06-13,3750.5,11296.5
2022-06-14,3736.75,11314.25
2022-06-15,3789.25,11593.75
2022-06-16,3668.25,11124.75
2022-06-17,3663.760009765625,11130.3896484375
2022-06-21,3767.75,11577.25
2022-06-22,3762.75,11565.75
2022-06-23,3799.75,11737.5
2022-06-24,3916.25,12140.5
2022-06-27,3903.75,12040.5
2022-06-28,3825.5,11674.25
2022-06-29,3821.25,11691.0
2022-06-30,3789.5,11529.5
2022-07-01,3827.25,11611.25
2022-07-05,3834.0,11808.5
2022-07-06,3848.25,11880.25
2022-07-07,3905.0,12138.5
2022-07-08,3901.25,12152.0
2022-07-11,3856.75,11884.25
2022-07-12,3823.75,11779.0
2022-07-13,3804.5,11762.25
2022-07-14,3793.25,11797.5
2022-07-15,3865.0,12007.5
2022-07-18,3833.75,11907.0
2022-07-19,3937.5,12274.0
2022-07-20,3962.5,12465.25
2022-07-21,4001.25,12640.0
2022-07-22,3965.0,12423.5
2022-07-25,3970.0,12354.5
2022-07-26,3923.25,12112.5
2022-07-27,4024.5,12619.0
2022-07-28,4073.5,12737.5
2022-07-29,4133.5,12971.5
2022-08-01,4120.5,12962.5
2022-08-02,4093.75,12924.5
2022-08-03,4156.25,13271.5
2022-08-04,4152.25,13327.0
2022-08-05,4146.75,13228.75
2022-08-08,4141.75,13183.25
2022-08-09,4124.5,13031.5
2022-08-10,4210.0,13392.0
2022-08-11,4209.75,13311.25
2022-08-12,4281.0,13577.75
2022-08-15,4298.25,13681.25
2022-08-16,4307.75,13658.25
2022-08-17,4276.75,13493.25
2022-08-18,4286.5,13523.25
2022-08-19,4231.5,13268.5
2022-08-22,4141.25,12909.75
2022-08-23,4130.5,12896.5
2022-08-24,4142.75,12929.75
2022-08-25,4201.0,13156.0
2022-08-26,4059.5,12620.5
2022-08-29,4031.25,12492.75
2022-08-30,3987.5,12358.75
2022-08-31,3956.5,12285.25
2022-09-01,3968.75,12292.25
2022-09-02,3924.5,12104.25
2022-09-06,3910.5,12019.0
2022-09-07,3980.0,12263.25
2022-09-08,4005.5,12321.75
2022-09-09,4067.25,12592.5
2022-09-12,4110.75,12740.75
2022-09-13,3931.25,12036.5
2022-09-14,3947.5,12142.0
2022-09-15,3902.0,11934.75
2022-09-16,3871.239990234375,11814.580078125
2022-09-19,3917.25,12024.0
2022-09-20,3872.75,11922.25
2022-09-21,3806.25,11710.0
2022-09-22,3772.0,11565.5
2022-09-23,3709.0,11376.75
2022-09-26,3670.0,11316.25
2022-09-27,3661.0,11333.75
2022-09-28,3732.0,11555.75
2022-09-29,3654.25,11228.25
2022-09-30,3601.5,11035.5
2022-10-03,3690.25,11285.75
2022-10-04,3803.25,11640.75
2022-10-05,3794.0,11623.75
2022-10-06,3756.75,11541.75
2022-10-07,3653.25,11101.5
2022-10-10,3625.25,10984.5
2022-10-11,3599.25,10845.0
2022-10-12,3588.5,10840.5
2022-10-13,3681.75,11083.75
2022-10-14,3597.5,10744.0
2022-10-17,3689.25,11110.25
2022-10-18,3732.75,11198.75
2022-10-19,3707.25,11153.25
2022-10-20,3675.25,11090.75
2022-10-21,3764.0,11358.5
2022-10-24,3809.25,11478.75
2022-10-25,3870.25,11713.5
2022-10-26,3841.0,11446.0
2022-10-27,3819.5,11235.25
2022-10-28,3911.25,11587.0
2022-10-31,3883.0,11447.25
2022-11-01,3866.0,11332.0
2022-11-02,3768.75,10944.5
2022-11-03,3727.75,10728.0
2022-11-04,3779.5,10890.25
2022-11-07,3815.25,11014.25
2022-11-08,3835.25,11094.25
2022-11-09,3755.5,10830.75
2022-11-10,3961.0,11632.25
2022-11-11,4000.25,11848.0
2022-11-14,3966.0,11734.75
2022-11-15,3999.5,11904.25
2022-11-16,3968.5,11739.5
2022-11-17,3955.25,11710.5
2022-11-18,3974.0,11708.0
2022-11-21,3958.0,11588.0
2022-11-22,4010.25,11754.5
2022-11-23,4033.0,11862.75
2022-11-25,4032.5,11782.75
2022-11-28,3970.25,11616.25
2022-11-29,3962.0,11524.75
2022-11-30,4081.25,12042.25
2022-12-01,4081.75,12062.75
2022-12-02,4075.5,12010.25
2022-12-05,4003.25,11805.75
2022-12-06,3945.0,11566.0
2022-12-07,3936.75,11509.5
2022-12-08,3965.75,11645.5
2022-12-09,3936.25,11569.75
2022-12-12,3991.75,11711.75
2022-12-13,4022.25,11839.75
2022-12-14,3998.0,11750.75
2022-12-15,3897.0,11347.25
2022-12-16,3871.469970703125,11327.0400390625
2022-12-19,3845.5,11193.25
2022-12-20,3849.25,11175.75
2022-12-21,3905.75,11334.5
2022-12-22,3849.25,11054.25
2022-12-23,3869.75,11075.25
2022-12-27,3855.0,10915.5
2022-12-28,3807.5,10772.75
2022-12-29,3871.75,11032.75
2022-12-30,3861.0,11022.25
2023-01-03,3846.0,10945.5
2023-01-04,3874.5,10999.25
2023-01-05,3829.0,10820.25
2023-01-06,3915.5,11113.5
2023-01-09,3913.75,11185.5
2023-01-10,3940.75,11282.0
2023-01-11,3990.0,11476.5
2023-01-12,4003.5,11534.25
2023-01-13,4018.25,11608.0
2023-01-17,4009.5,11624.5
2023-01-18,3945.75,11475.75
2023-01-19,3915.5,11356.5
2023-01-20,3988.5,11677.0
2023-01-23,4036.5,11934.0
2023-01-24,4032.75,11909.5
2023-01-25,4032.0,11873.25
2023-01-26,4075.5,12106.75
2023-01-27,4084.25,12222.25
2023-01-30,4032.5,11968.0
2023-01-31,4090.0,12152.0
2023-02-01,4132.25,12414.25
2023-02-02,4191.5,12846.75
2023-02-03,4147.75,12624.0
2023-02-06,4123.5,12515.5
2023-02-07,4175.75,12776.75
2023-02-08,4130.5,12545.25
2023-02-09,4091.75,12425.5
2023-02-10,4099.75,12346.25
2023-02-13,4147.25,12540.5
2023-02-14,4145.5,12631.0
2023-02-15,4158.25,12730.0
2023-02-16,4099.75,12482.5
2023-02-17,4087.5,12390.0
2023-02-21,4005.75,12096.75
2023-02-22,3999.0,12097.5
2023-02-23,4018.75,12207.5
2023-02-24,3975.75,11997.0
2023-02-27,3988.0,12083.25
2023-02-28,3975.5,12072.25
2023-03-01,3956.5,11961.75
2023-03-02,3984.75,12062.0
2023-03-03,4049.75,12311.25
2023-03-06,4052.5,12323.5
2023-03-07,3989.75,12169.0
2023-03-08,3995.0,12228.25
2023-03-09,3920.0,12007.25
2023-03-10,3862.75,11840.25
2023-03-13,3856.75,11931.75
2023-03-14,3920.5,12207.0
2023-03-15,3892.75,12247.75
2023-03-16,3960.5,12583.0
2023-03-17,3957.050048828125,12594.650390625
2023-03-20,3983.0,12688.5
2023-03-21,4035.75,12867.25
2023-03-22,3970.5,12707.0
2023-03-23,3978.0,12854.0
2023-03-24,4001.25,12890.25
2023-03-27,4007.25,12788.5
2023-03-28,4001.5,12732.5
2023-03-29,4057.5,12965.0
2023-03-30,4080.0,13082.0
2023-03-31,4137.75,13301.75
2023-04-03,4153.75,13270.0
2023-04-04,4129.0,13219.0
2023-04-05,4117.25,13079.75
2023-04-06,4132.0,13170.75
2023-04-10,4136.25,13158.0
2023-04-11,4136.5,13074.75
2023-04-12,4119.0,12952.25
2023-04-13,4172.75,13209.75
2023-04-14,4163.75,13181.25
2023-04-17,4176.75,13186.5
2023-04-18,4180.0,13193.0
2023-04-19,4178.5,13183.0
2023-04-20,4152.5,13074.25
2023-04-21,4156.75,13090.5
2023-04-24,4159.5,13056.5
2023-04-25,4093.25,12809.5
2023-04-26,4076.0,12887.75
2023-04-27,4153.75,13231.25
2023-04-28,4188.5,13320.25
2023-05-01,4185.75,13306.75
2023-05-02,4136.75,13184.5
2023-05-03,4107.5,13100.75
2023-05-04,4075.75,13043.75
2023-05-05,4150.25,13317.75
2023-05-08,4152.75,13352.25
2023-05-09,4134.0,13264.75
2023-05-10,4152.0,13409.5
2023-05-11,4143.75,13446.5
2023-05-12,4138.0,13396.25
2023-05-15,4150.0,13468.0
2023-05-16,4123.0,13483.25
2023-05-17,4171.5,13643.5
2023-05-18,4212.0,13894.0
2023-05-19,4204.75,13858.0
2023-05-22,4205.0,13902.5
2023-05-23,4158.75,13728.75
2023-05-24,4126.0,13650.25
2023-05-25,4159.75,13976.5
2023-05-26,4213.25,14332.5
2023-05-30,4215.0,14396.75
2023-05-31,4190.5,14300.5
2023-06-01,4228.0,14472.25
2023-06-02,4288.0,14575.25
2023-06-05,4281.0,14588.75
2023-06-06,4289.75,14586.5
2023-06-07,4274.25,14331.5
2023-06-08,4298.25,14503.0
2023-06-09,4304.75,14556.25
2023-06-12,4342.75,14800.5
2023-06-13,4371.75,14914.25
2023-06-14,4374.25,15012.75
2023-06-15,4426.5,15188.0
2023-06-16,4453.35009765625,15316.6103515625
2023-06-20,4434.75,15256.5
2023-06-21,4409.25,15044.0
2023-06-22,4423.75,15214.75
2023-06-23,4389.0,15058.25
2023-06-26,4370.25,14856.5
2023-06-27,4418.75,15111.5
2023-06-28,4417.5,15130.0
2023-06-29,4435.75,15100.25
2023-06-30,4488.25,15337.0
2023-07-03,4492.25,15364.75
2023-07-05,4483.75,15360.75
2023-07-06,4447.0,15238.0
2023-07-07,4434.0,15181.75
2023-07-10,4444.25,15187.0
2023-07-11,4473.5,15260.0
2023-07-12,4507.5,15444.75
2023-07-13,4543.5,15711.5
2023-07-14,4536.75,15694.25
2023-07-17,4553.75,15840.75
2023-07-18,4587.75,15974.75
2023-07-19,4597.0,15959.25
2023-07-20,4565.5,15592.25
2023-07-21,4564.75,15540.0
2023-07-24,4583.5,15561.25
2023-07-25,4596.0,15673.0
2023-07-26,4595.25,15610.75
2023-07-27,4564.25,15571.0
2023-07-28,4606.5,15847.5
2023-07-31,4614.5,15857.5
2023-08-01,4601.25,15817.25
2023-08-02,4537.25,15473.0
2023-08-03,4521.75,15438.75
2023-08-04,4498.0,15354.0
2023-08-07,4537.75,15485.5
2023-08-08,4518.5,15354.25
2023-08-09,4485.75,15178.25
2023-08-10,4485.75,15201.25
2023-08-11,4480.75,15095.75
2023-08-14,4506.0,15270.25
2023-08-15,4454.0,15106.5
2023-08-16,4420.0,14942.25
2023-08-17,4384.5,14778.0
2023-08-18,4382.75,14744.0
2023-08-21,4412.5,14985.75
2023-08-22,4399.25,14958.5
2023-08-23,4447.0,15195.5
2023-08-24,4386.0,14862.0
2023-08-25,4414.25,14979.25
2023-08-28,4442.25,15092.5
2023-08-29,4506.75,15415.75
2023-08-30,4524.25,15501.25
2023-08-31,4516.0,15538.5
2023-09-01,4521.5,15516.25
2023-09-05,4502.5,15534.5
2023-09-06,4471.5,15399.5
2023-09-07,4456.25,15282.25
2023-09-08,4461.75,15297.5
2023-09-11,4490.25,15475.75
2023-09-12,4465.0,15304.75
2023-09-13,4468.75,15356.25
2023-09-14,4506.0,15478.0
2023-09-15,4491.72021484375,15435.2001953125
2023-09-18,4501.5,15414.5
2023-09-19,4490.0,15375.25
2023-09-20,4447.0,15152.0
2023-09-21,4372.0,14862.75
2023-09-22,4361.0,14869.5
2023-09-25,4378.75,14935.25
2023-09-26,4314.75,14715.0
2023-09-27,4313.5,14739.0
2023-09-28,4337.5,14859.75
2023-09-29,4325.5,14866.5
2023-10-02,4324.25,14984.75
2023-10-03,4264.75,14714.5
2023-10-04,4297.75,14923.75
2023-10-05,4290.75,14861.75
2023-10-06,4341.5,15112.0
2023-10-09,4368.75,15187.0
2023-10-10,4391.5,15270.75
2023-10-11,4409.75,15380.0
2023-10-12,4380.5,15315.0
2023-10-13,4357.25,15120.25
2023-10-16,4401.0,15289.5
2023-10-17,4401.75,15240.75
2023-10-18,4342.25,15025.25
2023-10-19,4303.0,14890.0
2023-10-20,4248.5,14664.0
2023-10-23,4241.75,14712.0
2023-10-24,4271.25,14846.5
2023-10-25,4209.75,14478.25
2023-10-26,4156.5,14194.0
2023-10-27,4137.75,14265.25
2023-10-30,4185.75,14416.5
2023-10-31,4212.25,14490.25
2023-11-01,4256.0,14744.5
2023-11-02,4335.75,14998.0
2023-11-03,4376.0,15178.75
2023-11-06,4384.25,15232.5
2023-11-07,4396.0,15374.25
2023-11-08,4399.5,15386.5
2023-11-09,4362.25,15256.0
2023-11-10,4430.5,15596.25
2023-11-13,4425.25,15547.0
2023-11-14,4511.0,15879.75
2023-11-15,4519.25,15889.25
2023-11-16,4523.25,15897.5
2023-11-17,4527.5,15895.75
2023-11-20,4562.25,16086.5
2023-11-21,4551.25,15990.25
2023-11-22,4567.25,16049.25
2023-11-23,4569.5,16062.5
2023-11-24,4568.25,16021.0
2023-11-27,4561.0,16008.75
2023-11-28,4563.0,16048.0
2023-11-29,4559.25,16023.75
2023-11-30,4576.75,15985.5
2023-12-01,4600.75,16023.75
2023-12-04,4576.5,15869.0
2023-12-05,4575.0,15908.75
2023-12-06,4556.0,15815.25
2023-12-07,4589.5,16038.75
2023-12-08,4607.5,16098.25
2023-12-11,4626.0,16237.0
2023-12-12,4645.75,16362.75
2023-12-13,4708.25,16563.75
2023-12-14,4721.75,16541.5
2023-12-15,4694.27001953125,16530.23046875
2023-12-18,4793.0,16939.75
2023-12-19,4820.25,17023.0
2023-12-20,4749.75,16766.25
2023-12-21,4796.75,16956.5
2023-12-22,4805.25,16980.0
2023-12-26,4825.0,17083.5
2023-12-27,4833.5,17113.25
2023-12-28,4832.25,17090.5
2023-12-29,4820.0,17023.5
2024-01-02,4787.25,16720.0
2024-01-03,4746.5,16538.0
2024-01-04,4729.5,16445.0
2024-01-05,4734.75,16460.25
2024-01-08,4801.25,16803.75
2024-01-09,4792.75,16830.25
2024-01-10,4820.25,16945.25
2024-01-11,4815.5,16966.25
2024-01-12,4816.5,16969.25
2024-01-16,4798.5,16966.5
2024-01-17,4771.25,16869.75
2024-01-18,4811.25,17110.0
2024-01-19,4869.5,17438.5
2024-01-22,4881.0,17458.5
2024-01-23,4895.0,17531.25
2024-01-24,4898.0,17621.0
2024-01-25,4923.25,17634.5
2024-01-26,4916.25,17527.0
2024-01-29,4954.5,17706.0
2024-01-30,4951.0,17588.5
2024-01-31,4870.5,17242.25
2024-02-01,4928.5,17436.75
2024-02-02,4980.25,17732.75
2024-02-05,4962.0,17700.0
2024-02-06,4974.75,17660.0
2024-02-07,5015.25,17841.75
2024-02-08,5017.75,17868.25
2024-02-09,5044.0,18039.25
2024-02-12,5041.25,17965.0
2024-02-13,4971.25,17676.75
2024-02-14,5018.0,17881.0
2024-02-15,5046.5,17912.75
2024-02-16,5019.75,17744.0
2024-02-20,4991.5,17607.25
2024-02-21,4996.25,17536.75
2024-02-22,5097.75,18047.5
2024-02-23,5101.5,17991.0
2024-02-26,5080.25,17977.0
2024-02-27,5090.0,18021.0
2024-02-28,5081.0,17915.25
2024-02-29,5103.75,18082.75
2024-03-01,5146.0,18338.25
2024-03-04,5138.25,18262.0
2024-03-05,5085.75,17930.25
2024-03-06,5111.75,18044.25
2024-03-07,5161.75,18316.25
2024-03-08,5129.0,18046.75
2024-03-11,5123.0,17971.0
2024-03-12,5177.25,18227.75
2024-03-13,5168.0,18078.5
2024-03-14,5153.75,18024.5
2024-03-15,5101.669921875,17854.75
2024-03-18,5214.75,18231.5
2024-03-19,5241.75,18270.0
2024-03-20,5286.75,18479.75
2024-03-21,5302.5,18561.75
2024-03-22,5293.25,18574.75
2024-03-25,5278.25,18513.5
2024-03-26,5265.25,18449.0
2024-03-27,5308.25,18503.75
2024-03-28,5308.5,18475.0
2024-04-01,5295.25,18497.25
2024-04-02,5260.5,18330.0
2024-04-03,5266.5,18373.25
2024-04-04,5197.25,18076.75
2024-04-05,5253.0,18300.75
2024-04-08,5253.25,18295.0
2024-04-09,5260.25,18359.75
2024-04-10,5207.75,18196.75
2024-04-11,5243.25,18485.0
2024-04-12,5167.5,18179.25
2024-04-15,5104.0,17876.25
2024-04-16,5092.5,17881.25
2024-04-17,5062.25,17658.5
2024-04-18,5049.0,17547.25
2024-04-19,5003.75,17180.75
2024-04-22,5047.5,17350.0
2024-04-23,5106.5,17606.75
2024-04-24,5107.5,17664.5
2024-04-25,5082.25,17567.5
2024-04-26,5131.5,17845.75
2024-04-29,5147.0,17904.25
2024-04-30,5067.0,17571.25
2024-05-01,5046.5,17438.25
2024-05-02,5091.5,17649.75
2024-05-03,5154.75,18000.75
2024-05-06,5206.5,18195.5
2024-05-07,5213.75,18199.5
2024-05-08,5212.75,18186.5
2024-05-09,5239.0,18214.5
2024-05-10,5246.25,18255.0
2024-05-13,5245.5,18295.5
2024-05-14,5269.5,18415.0
2024-05-15,5333.0,18691.75
2024-05-16,5320.25,18650.0
2024-05-17,5327.25,18635.25
2024-05-20,5331.75,18763.0
2024-05-21,5345.25,18799.25
2024-05-22,5328.0,18786.75
2024-05-23,5285.25,18696.25
2024-05-24,5321.5,18876.0
2024-05-28,5324.75,18940.5
2024-05-29,5284.0,18802.75
2024-05-30,5253.0,18606.5
2024-05-31,5295.5,18591.0
2024-06-03,5297.25,18646.25
2024-06-04,5304.0,18701.0
2024-06-05,5366.0,19074.25
2024-06-06,5364.0,19060.25
2024-06-07,5355.75,19037.75
2024-06-10,5371.25,19109.75
2024-06-11,5384.0,19242.25
2024-06-12,5427.5,19496.5
2024-06-13,5438.5,19602.5
2024-06-14,5437.5,19685.5
2024-06-17,5478.5,19921.25
2024-06-18,5491.0,19919.25
2024-06-20,5476.75,19763.25
2024-06-21,5471.89013671875,19747.2890625
2024-06-24,5517.0,19750.75
2024-06-25,5537.0,19972.25
2024-06-26,5543.5,20012.5
2024-06-27,5546.0,20039.5
2024-06-28,5521.5,19927.25
2024-07-01,5533.75,20052.0
2024-07-02,5568.75,20255.25
2024-07-03,5590.25,20411.5
2024-07-05,5621.5,20620.75
2024-07-08,5625.25,20659.75
2024-07-09,5631.25,20678.5
2024-07-10,5688.0,20899.75
2024-07-11,5639.75,20441.75
2024-07-12,5664.75,20524.0
2024-07-15,5683.0,20583.75
2024-07-16,5717.25,20598.0
2024-07-17,5639.0,19997.5
2024-07-18,5594.5,19899.25
2024-07-19,5553.75,19713.0
2024-07-22,5610.75,20001.0
2024-07-23,5599.25,19925.0
2024-07-24,5472.0,19203.25
2024-07-25,5441.25,18992.25
2024-07-26,5499.0,19174.5
2024-07-29,5503.0,19209.25
2024-07-30,5472.5,18936.25
2024-07-31,5558.0,19505.25
2024-08-01,5480.25,19023.25
2024-08-02,5376.0,18556.25
2024-08-05,5217.5,18013.25
2024-08-06,5266.25,18179.0
2024-08-07,5227.5,17966.5
2024-08-08,5348.25,18525.25
2024-08-09,5370.25,18616.0
2024-08-12,5369.75,18639.5
2024-08-13,5459.0,19104.25
2024-08-14,5477.0,19115.0
2024-08-15,5567.5,19581.25
2024-08-16,5578.25,19605.75
2024-08-19,5630.0,19857.75
2024-08-20,5619.75,19809.5
2024-08-21,5641.5,19909.5
2024-08-22,5594.0,19578.25
2024-08-23,5652.5,19790.75
2024-08-26,5637.0,19591.25
2024-08-27,5644.75,19653.75
2024-08-28,5610.25,19415.75
2024-08-29,5610.0,19393.25
2024-08-30,5661.0,19623.0
2024-09-03,5541.75,19006.5
2024-09-04,5530.0,18962.5
2024-09-05,5512.25,18963.5
2024-09-06,5419.5,18458.25
2024-09-09,5479.5,18692.25
2024-09-10,5504.0,18864.0
2024-09-11,5561.25,19271.0
2024-09-12,5602.25,19447.25
2024-09-13,5629.75,19530.25
2024-09-16,5638.0,19433.0
2024-09-17,5639.0,19439.25
2024-09-18,5620.75,19349.25
2024-09-19,5717.75,19850.25
2024-09-20,5699.990234375,19808.009765625
2024-09-23,5776.75,20080.0
2024-09-24,5792.0,20167.75
2024-09-25,5779.0,20192.0
2024-09-26,5804.5,20346.25
2024-09-27,5791.25,20221.5
2024-09-30,5814.25,20261.25
2024-10-01,5759.75,19975.0
2024-10-02,5760.25,20009.75
2024-10-03,5749.5,19990.25
2024-10-04,5800.0,20227.25
2024-10-07,5744.75,19992.75
2024-10-08,5800.5,20298.5
2024-10-09,5841.25,20463.5
2024-10-10,5829.0,20429.75
2024-10-11,5859.75,20450.0
2024-10-14,5908.25,20619.25
2024-10-15,5862.75,20342.0
2024-10-16,5887.0,20349.5
2024-10-17,5887.0,20368.0
2024-10-18,5906.0,20483.5
2024-10-21,5896.25,20519.5
2024-10-22,5892.5,20542.0
2024-10-23,5837.75,20220.5
2024-10-24,5849.0,20380.25
2024-10-25,5846.0,20498.75
2024-10-28,5861.5,20497.0
2024-10-29,5871.0,20696.5
2024-10-30,5852.0,20534.75
2024-10-31,5738.5,20021.75
2024-11-01,5758.25,20153.25
2024-11-04,5743.25,20086.0
2024-11-05,5812.25,20341.75
2024-11-06,5958.25,20894.0
2024-11-07,6003.75,21224.75
2024-11-08,6025.25,21231.25
2024-11-11,6031.75,21217.75
2024-11-12,6013.0,21189.5
2024-11-13,6016.0,21159.5
2024-11-14,5978.25,21011.75
2024-11-15,5896.5,20493.75
2024-11-18,5920.0,20633.5
2024-11-19,5938.75,20767.75
2024-11-20,5937.75,20749.0
2024-11-21,5970.5,20829.5
2024-11-22,5987.0,20849.75
2024-11-25,6006.5,20880.25
2024-11-26,6038.25,20993.5
2024-11-27,6015.0,20813.0
2024-11-29,6051.5,20993.5
2024-12-02,6061.75,21218.0
2024-12-03,6063.25,21281.5
2024-12-04,6098.5,21536.5
2024-12-05,6088.75,21473.25
2024-12-06,6099.0,21656.75
2024-12-09,6065.75,21483.75
2024-12-10,6046.25,21405.25
2024-12-11,6092.75,21793.5
2024-12-12,6060.75,21651.25
2024-12-13,6055.5,21795.75
2024-12-16,6080.5,22110.25
2024-12-17,6053.75,22014.75
2024-12-18,5872.25,21218.75
2024-12-19,5868.75,21112.75
2024-12-20,5840.259765625,20947.98046875
2024-12-23,6036.0,21753.25
2024-12-24,6098.0,22028.5
2024-12-26,6095.25,22008.0
2024-12-27,6027.0,21698.5
2024-12-30,5958.75,21416.25
2024-12-31,5935.75,21226.5
